SceneryID,SceneryName,SceneryLoc,OpenTime,SLongitude,Slatitude,CityID,AreaID,SceneryIntro,BestTravel,SceneryPrice,SceneryType,SceneryScore,Assess,SceType,TimeSpan,ScePrice
1,恭城红岩村,广西桂林恭城瑶族自治县莲花镇，距桂林市108公里,6:00-17:00,24.845483,110.832381,1,1,"红岩村位于广西桂林恭城瑶族自治县莲花镇，距桂林市108公里，共103户407人,是一个集山水风光游览、田园农耕体验、住宿、餐饮、休闲和会议商务观光等为一体的生态特色旅游新村。红岩新村成功地建起80多栋独立别墅，共拥有客房300多间，餐馆近40家，建成了瑶寨风雨桥、滚水坝、梅花桩、环形村道、灯光篮球场、游泳池、旅游登山小道等公共设施。近年来，红岩村围绕新农村建设“二十字”方针，大力发展休闲生态农业旅游，成效显著。从2003年10月至今，已接待了中外游客150多万人次，成为开展乡村旅游致富的典范。先后荣获“全国农业旅游示范点”、“全国十大魅力乡村”、“全国生态文化村”、“中国乡村名片”等荣誉称号。",,免费开放,城乡风貌,4.5,7,4,90,90
2,恭城周渭祠（周王庙）,广西壮族自治区桂林市恭城瑶族自治县吉祥街,8：30-17：30,24.84125,110.838626,1,1,据《宋史》记载，周渭是恭城县路口（炉口村）人，生城残唐五，卒于北宋咸平二年（公元999年）赐同进士出身，宦至侍御史。恭城旧县志载，他曾关心家乡人民的疾苦，奏请朝廷税赋，竭力开发民智，兴办乡学。因他一生廉洁奉公，颇有政绩，死后被朝廷敕封为“忠祜惠烈王”，家乡百姓感恩德，捐款为他建庙、蜡塑像，有诗联赞曰：百代相传周御史；千秋怀念古乡贤。周王庙是恭城人的尊称。它建于明朝成化十四年（公元1478年），清朝雍正元年（公元1723年）重修，是祭祀北宋监察御史周渭的祠庙。每年的农历六月十五是周渭的诞辰。恭城县城及附近农村群众都会举行盛大的纪念活动。他们在周渭祠前演戏“酬神”，沿街的家家户户也都会摆设供品祭祀，仪仗队抬着周渭的塑像游行，吹吹打打，锣鼓喧天，气氛极为热烈。,,8元/人,文物古迹,4.5,,1,101,8
3,恭城湖南会馆,桂林恭城县城的太和街,8：30-17：30,24.840946,110.838216,1,1,湖南会馆 在恭城县城的太和街，建于清朝同治十一年（公元1872年）。会馆的大门有石刻对联一副：“客馆可停骖七溪三湘允矣同联梓里，仙部堪得地千秋，百世遐哉共镇茶城。”整个会馆布局严谨，红墙黄瓦，泛翠流金，飞檐挽天，蔚为壮观。大殿装修华丽，壁画花饰繁多，前后风檐镂雕细致，檐墙彩绘构画新颖。馆内有戏台矗立，呈凸字形，105平方米，青石垒砌台基，台底浅埋水缸36口，以增强音响效果。看台能容纳1000余人。此馆现在是广西重点文物保护单位。,,7元/人,文物古迹,,,2,32,7
4,恭城武庙,广西壮族自治区桂林市恭城瑶族自治县拱辰西路,8：30-17：30,24.836826,110.833271,1,1,恭城武庙（关帝庙）是纪念三国名将关羽的庙宇。始建于明万历癸卯年（16O3年），清康熙五十九年（1720年）重修，清咸丰四年（1854年）毁于兵燹，清同治元年（1862年），再度重修。1984年广西壮族自治区人民政府拨款维修，并列为自治区重点文物保护单位。 武庙位于恭城县城西的印山麓，右侧是文庙。两庙在建庙基地的选址上颇有考究，分占同一山的两个山脊，相隔50M，既毗邻又互为对应。有趣的是文庙南偏东6度，武庙南偏东45度，如果延长各自的中轴线，交汇点分别离武庙100M、文庙110M。这一长一短，是先人有意安排评说两位先圣的长短，还是自然的巧合，有待考证。 武庙总宽32．55M，进深66．8M，主要采用木构架和砖墙混合承重式结构，不设正门，从西侧门出入。全庙占地2100平方米，建筑面积1033平方米，内设有戏台、雨亭、前殿、正殿和后殿、两侧还有东西厢房。戏台是全庙建筑的精华所在，确切他说它是一个演武台：台面高1．32M，另有缘高出台面25CM，上下戏台却没有台阶，这一人之高的台面，演戏者如何上下？只有用于比武，才有这般布置。戏台除台基砌石外，上部为全木结构。台基石刻有人物浮雕，台上有雕花的门窗格扇和神龛，四根金柱直通顶层，承受顶层荷载，檐柱到下檐。重檐从中间升起，台正中有藻井，形似倒挂大钟，井壁木板油漆光可鉴人。戏台板底曾安放36口水缸，当台上敲锣打鼓时，声音由水缸从不同角度向上反射，集中在藻井中产生共鸣，可扩大音响，使声传十里之遥。这是我国古代劳动人民在声学方面有所建树的历史见证。戏台红墙黄瓦，泛翠流金；屋面重檐歇山，飞檐高翘，脊山上龙凤呈祥、明暗八仙等人物花鸟泥塑，形态逼真。前殿和后殿更是雕梁画栋、飞檐挽天，气势之雄，建筑之精，令人叫绝。过去在正殿、前殿和后殿有雄伟高大的先贤塑像。每年农历六月十六日是祭祀关羽、举行游行之日。 恭城文庙即孔庙，又称学宫，是祭祀孔子的祠庙。位于桂林市恭城县西山南麓，是广西保存最完整的孔庙，也是全国四大孔庙之一。,,15元/人,文物古迹,4.3,13,10,62,15
5,恭城文庙,广西壮族自治区桂林市恭城瑶族自治县,8：00-17：30,24.83717,110.833961,1,1,文庙坐北朝南，南偏东6 度，俯视茶江，背靠印山，依山而建，逐层布置，显得庄严肃穆。全庙占地3600平方米，建筑面积1300平方米。由两边耳门出入，东向门叫礼门，西向门叫义路，门外立禁碑一块，上刻“文武官员至此下马”，以示孔庙的庄严。正面是照壁，没有开大门，据说等有人中了状元，才在照壁中间开大门，称状元门，想从大门步入棂星门，唯状元莫属。新中国成立后，为方便群众游览，把状元门打开了。棂星门相传是汉高祖命祀棂星而移用于孔庙，以尊天者尊孔为本意。该门全部青石砌筑，上面刻有“棂星门”三个大字，还有双龙戏珠、双凤朝阳等浮雕。棂星门的六根大石柱顶端有六只小石狮互相窥视着。过了棂星门便是泮池，又叫月池，料石砌就，周围以青石为栏，有石拱桥跨过池面，称状元桥，意为状元才能通过，桥面有一块刻有云纹浮雕的青石，为“青云直上”之意。由棂星门步上两层平台，便是大成门。大成门由十一扇组成，木质结构，门扇上楼空的花鸟虫鱼雕刻，栩栩如生。大成门东面是名宦词，西面是乡贤祠，是供奉历代先贤、先儒的地方，计有一百四十三个灵位。大成门后面是天井，前有宽大的平台，叫杏坛，又叫露坛，传说是孔子讲学的地方。露坛之上是大成殿，为文庙的主体建筑，面阔五间，进深三间，有砖柱十根，木柱十八根，大门十四扇，门窗、檐口均饰以木雕。屋面飞檐高翘，重檐歇山，脊施花饰，泥塑彩画，琉璃瓦盖，金碧辉煌。大成殿正中的神龛是供奉孔子灵牌的地方。大成殿之后是崇圣祠，是供奉孔子五代祖先的殿堂，崇圣祠与大成殿在建筑构造上很讲究，大小高低有分别。 历代每岁春仲月（农历二、八月），在大殿举行祭礼。祭期黎明，各官衣朝服，按序而立，齐集行礼，典仪极为隆重。,,25元/人,文物古迹,4.5,22,9,54,25
6,恭城大岭山桃花园,广西壮族自治区桂林市恭城瑶族自治县,全天,24.918612,110.796697,1,1,大岭山桃花园位于恭城西岭乡大岭山屯，距县城20公里，绵延十里之遥的桃花全部扎根荒山秃岭，阳春三月，桃花盛放就满山红霞，犹如彩云飘到天上，十分壮观。恭城瑶族自治县人民政府出谋划策，充分利用3月桃花绽放的契机，结合实施“富裕生态家园”工程，开展的生态旅游观光项目。大岭山桃园素有“桃花之乡”的美誉，这里的桃花树型美、花蕾多、花色鲜、花期长，声誉远播。每逢春天来临，恭城大岭山、潮水岩、十里桃花长廊等地方，万亩桃花竞相绽放，大大小小的桃树枝头，绽放出五颜六色的桃花，有粉红的，有浅红的，有火红的，方圆数十里的桃花美景令人流连忘返。于是，牧童、耕牛、小桥流水、绿树红花，勾勒出恭城这个美丽得如诗如画的早春小县。沐浴春风，徜徉花海，真有种误入“桃花仙境”的感觉。每年“三八妇女节”前后，漫山遍野盛开的桃花，染红了大岭山，在春光下，桃园中穿梭的游客，体验着大自然的美好。阳春三月，大蛏教以埃漓江畔上的中国桃花艺博园，十里桃花，百里画廊，万亩桃花相映红；漫山遍野盛开的桃花，染红了大岭山，吸引着各方大批游客不远千里前来观光。大岭山桃花园十里桃花长廊，是观赏桃花的好地点。拾级而上，映入眼帘的是簇簇盛开的桃红，山脚、山腰、山间、山顶全是怒放的桃花，“人面桃花相映红”，如此美景，让人仿佛置身于世外桃源，忘却了尘世的一切喧嚣。每年春节前后，恭城都会举行桂林恭城桃花节，桃花节期间，纯朴的瑶乡人们载歌载舞，以舞会友、以花传情。“赏恭城桃花，住生态家园，吃绿色食品，做快活神仙”，整个桃花园是游客们踏青赏花、以花传情、感受春天气息的好去处。,,40元/人,地文景观,4.5,,10,42,40
7,荔浦丰鱼岩,广西壮族自治区桂林市荔浦县,8：30～17：30,24.39896,110.354113,1,2,桂林荔浦 丰鱼岩位于荔浦县龙怀乡东里村，距桂林市区110公里，距柳州市区110公里，距荔浦县城16公里，因岩内暗河盛产油丰鱼而得名。丰鱼岩是国内外罕见的奇特大溶洞，它贯穿9座大山，全长5.3公里，洞中大厅连小厅，最大厅面积达25500平方米。最令游客感兴趣的是，溶洞中还有一条长达3.3公里的地下河可放舟游览。高阔的洞天，幽深的暗河，密集的石笋，汇成气势雄伟的洞穴奇观，享有“暗河漂十里，一洞穿九山，妙景绝天下”之美称，被誉为“亚洲第一洞”。景区规划范围8平方公里，其中丰鱼岩景区面积3．3平方公里，水域面积0．25平方公里，建筑面积30000平方米，道路面积0．01平方公里，绿化面积2．94平方公里，绿化覆盖率达90％，景区有丰鱼岩洞观光和暗河漂流，以及洞外高架列车田园观光。自1994年开发以来，荔浦丰鱼岩旅游度假区，大力发展旅游业，成功地将自然景观游，名胜古迹和民族风情游融为一体，形成了一道亮丽的风景线。丰鱼岩景区现为国家AAA级景区，景区内还有园林式三星级宾馆“丰鱼岩贵宾楼”以及温泉休闲度假中心、会务中心、玫瑰园、民俗风情园等游览项目，融吃、住、玩、乐为一体，是令人向往的旅游胜地。景区集旅游、休闲、娱乐、餐饮于一体，是大桂林旅游圈最具有特色的田园风光旅游区。1.盲鱼洞天：相传旧朝，一对渔夫山中伐薪，误入一巨大洞天，其中又有水流潺潺，更有珍稀油丰盲鱼，遂捕捞贡至岭南府都，从此富甲一方……2.暗河探险：“在盲鱼欢游的天然洞河里乘船漂流，妙不可言。我从未碰到过在一个洞里有这么长的水路航程。总之，这是美丽溶岩景观中一个极好之洞。” 神秘、诱惑、刺激。全世界最长、最完善的暗河之旅，想见识么？3.山畔清池：清池横山畔，击水涤凡尘，碧树随风笑，悠然换浮生。4.世外桃源：火盏迎嘉宾，舂米香四座。瑶家婚宴喜，脚踏火犁头……桃花岛上的瑶族男人“度戒”成年仪式，脚踏烧红的犁头，很可能瑶家姑娘们热情地邀请你去尝试，你有这个勇气么？,,260元/人,地文景观,4,,8,101,260
8,荔浦文塔,广西壮族自治区桂林市荔浦县,8：30～17：31,24.525,110.389,1,2,荔浦文塔，位于荔浦县城东南滨江石矶上。底部占地88.9平方米，底座直径10.64米。塔为八角七层砖木结构，高33.4米，冠葫芦宝顶。塔檐彩绘壁画， 上下镶嵌有色琉璃瓦，每层塔角均有彩塑狮子、麒麟，正门柱衬托双龙抢珠图案，八面均有风门，门上端书有塔文，塔身以青砖叠砌，表层以清水勾缝，塔基为天然石矶，构筑工艺精湛。 据史志记载，荔浦塔原称文塔，南宋时这里曾建有魁星楼。明代正德十四年（1519年）贡生张宪为祀文昌在此建魁星阁，后因雷雨侵袭魁星阁倾塌，清康熙四十八年（1709年）重建。乾隆四十八年（1783年）在此修文昌塔，共五层，上层为魁星阁，塑有魁星神像。光绪五年（1879年）知县周望增建两层，是为七层文塔。同时，在长生岭上另建一七层塔，与文塔隔江相峙， 合成文笔一对。长生岭宝塔于1943年建中学时被拆除，荔浦塔因年久失修又遭雷击，塔身崩裂。1957年县人民政府拨专款修复。“文革”期间，荔浦塔遭受人为的破坏。 1981年8 月该塔公布为广西壮族自治区文物保护单位，随即又对荔浦塔进行了全面的整修。,,10元/人,文物古迹,,,10,118,177
9,天河瀑布,广西壮族自治区桂林市荔浦县蒲芦乡村,7：00―17：00,24.599259,110.183958,1,2,"这里的一切保留了原始森林原汁原味的真面目，森林地处海拔1500多米，万亩古木林立，郁郁苍苍，鸟语花香，秀丽的潺潺流水，幽静的深山老林，奇特的植被树木，美丽的的山野田园异彩，这片原始风光有“幽，奇、绿静，美”的特点。瀑布地处原始森林保护区内，落差88米， 有“飞流直下三千尺，疑是银河落九天”之势，宛如天河之水,因而得名天河瀑布。近看，水雾漫漫，瀑姿千姿百态，飞花者、淌玉者、垂帘者，令人目不暇接。远眺宛如一幅又长又宽的银帘凌空垂挂，在阳光照射下形成一道道彩虹，与层岩、重峦、巍巍林海相映交辉，构成一幅绚丽多彩的画卷，令人赏心悦目、美不胜收。景区内峰回迷转、古树参天、掩天遮日、曲径幽远，其新颖古奇叹为止观。其间黄羊鹿麂出没，松鼠山鸡逗趣，小溪潭潭滩滩，鱼虾闲游；两岸萋萋芳草，潇潇修竹；更有空谷幽兰，清香淡雅，山茶杜鹃争艳，灿如云锦，漫步其间，宛如置身于世外桃源。在这里，瑶家吊楼，山歌对唱、笙鼓齐鸣；瑶家歌舞，热情火辣、粗犷奔放；瑶族餐饮，粟麦野菜，回归自然；瑶家山寨鸡犬相闻，村边小桥流水，牧童水车自成人间仙境，令人流连忘返。",,成人门票60元，漂流票138元,生物景观,4.5,,1,76,60
10,鹅翎寺,广西壮族自治区桂林市荔浦县321国道,7：00―17：00,24.476916,110.408848,1,2,鹅翎禅历史悠久，始建于唐朝，唐代大诗人刘禹锡曰：“山不在高，有仙则名，水不在深，有龙则灵”。据民国三年的荔浦县志载，宋朝绍 兴三十二年夏天，久旱无雨，田禾枯焦，于是有民众到鹅翎禅寺求雨，果然菩萨灵应，当时正是红日炎炎，梦完香后，天空云集，雷声大震，一场大雨倾 盆而下，遍及全县四面八方，从此禾苗得救，起死回生。结果早造喜获丰收。“鹅翎应祷”的事一直流传到今。县志还有记载，唐朝禅宗领袖六祖惠能大师曾来荔浦县隐行传经多年。鹅翎禅寺因得享此佛根，加上鹅翎应祷的故事流传，从此名声大震。古往今来，鹅翎禅寺素以风景优雅，诸佛灵应而闻名于世。多少名人雅士莫慕名前来观光游览，多少信男善女从四面八方到来虔诚朝佛。 七十年代后，鹅翎禅寺经过数年修建，现已焕然一新，缅丽夺目的佛教殿堂，宏伟壮观。一尊尊慈祥端庄、精美殊妙的诸佛金身圣像栩栩如生。历代文人墨客留下来的名联佳诗，现仍保存多处，供游队观赏。还有千百年流传下来的出米洞，石壁上还保留有一小孔，传说在许多年前，白白的大米，就是从这个小孔里流出来的。流出的数量刚好够寺内的僧尼们吃，并无剩余。后被一位俗人发现，他起了歹心，一天晚上深夜，他偷偷地把小洞凿宽，幻想让大白米不断流出来，趁此发大财，谁知小孔被凿宽后，从此白白的的大米再也不流出来了。游人看了寺内的故事传说，又看了历代名联佳诗和风光美景后，令人赞叹不已。 鹅翎寺自一九八七年经县委、县府批准恢复佛教活动以来，由释净法师住持，晨钟暮鼓开展法务活动，弘扬佛法。从此，四海前来观光敬香的信众和游人络经络绎不绝，实为旅游胜地。,,免费开放,文物古迹,4.5,6,5,35,0
11,思贡峡景区,广西壮族自治区桂林市荔浦县东昌镇,7：00―17：00,24.5398,110.5156,1,2,"思贡峡景区位于东昌镇境内，323国道线贯穿该区，西距荔浦县城18公里，东距平乐县城14公里，交通便利。 该区竹木幽岛，碧潭黄沙，峡谷翠峦,流泉飞瀑，幽雅恬静的田园风光和清新宜人的自然山水相映成趣。 该区可分为三个功能分区：一是在国道线上建有临江饭店，内设客房、餐厅、卡拉OK歌舞厅，棋牌娱乐室、桑拿按摩室，大型停车场等服务设施。二是荷包洲游区，该区在一万多平方米的半岛上，古木参差错落，修竹繁茂，遍地野花，百鸟啁啾,幽僻迷人，五色镶嵌的小径四通八达，蒙古包设施齐备，可供游人野炊、烧烤、野外露宿。三是从荷包洲乘大型机船向上游，饱揽三公里的洪峡、藏宝箱、八一电站和瀑布等八处景点；乘小游艇向下可揽观音洒水、铜鼓岭风光等六处景点。",,免费开放,地文景观,,,4,100,132
12,大江湖景区,广西壮族自治区桂林市荔浦县,7：00―17：00,24.6241,110.2731,1,2,"大江湖两岸群山倒影，绿树成荫，八平方公里的水面碧波粼粼，壮观如湖，沿湖可揽公鸡山,仙人撒网，美女梳妆，周六公古墓，十二花鼓轰鸣，银子景等美景，别具一格的度假村掩映于湖中小岛，依山傍水，风景秀丽迷人; 古色古香的竹木长楼，还有蒙古包歌舞厅，蜜意温馨宫，水上包厢，大小游艇，水上娱乐场，情侣钓鱼台等，使游人置身于仙境之中，令人流连忘返。",,免费开放,水域风光,,,6,70,60
13,银子岩,桂林市荔浦县马岭镇荔桂公路东侧,8：30～17：30（游览时间2小时）,24.647845,110.446061,1,2,银子岩溶洞是典型的喀斯特地貌，贯穿十二座山峰，属层楼式溶洞，洞内汇集了不同地质年代发育生长的钟乳石，晶莹剔透，洁白无瑕，宛如夜空的银河倾斜而下，闪烁出像银子、似钻石的光芒，所以称为“银子岩”。洞内特色景点数十处，最为著名的景观有三绝：雪山飞瀑、音乐石屏、瑶池仙境；三宝：佛祖论经、混元珍珠伞、独柱擎天。大自然的鬼斧神工在这里被展示得淋漓尽致，故被誉为“世界溶洞奇观”。同时，银子岩世界旅游度假风景区集自然、人文景观于一体；前有广袤的田野，俊秀的小青山、朝寨山拔地而起，使人流连忘返；宋朝英豪杨文广、抗法英雄陈嘉的传奇故事，更为景区增添许多人文色彩。银子岩景区充满绿色。山是绿色的，水是绿色的，地是绿色的，树是绿色的，田野是绿色的，为此，景区被有关人士誉为“桂林山水的代表”。景区宛如一个巨大的天然盆景，四周群山环绕，百亩桃林错落其间，四季花果飘香，湖光山色，田园风光使人心醉，又有“诗境家园典范”之称。同时景区内每年举行的荔浦村花节、板栗节、荔芋美食节、自行车拉力赛、极限攀岩等活动更为其增色添彩。,4月至10月最佳。桂林属亚热带季风气候，气候温和，雨量充沛，光照充足，四季分b，冬无严寒，夏无酷暑,90元/人,地文景观,4.5,1604,11,150,90
14,荔蒲八卦山庄,广西壮族自治区桂林市荔浦县158县道青山镇鹞鹰岩,8：30～17：30,24.44399,110.33438,1,2,"桂林荔浦八卦山庄是丰鱼岩省级田园旅游度假区的一个重要组成部分, 该山庄由荔江河绕鹞鹰山, 象山半弧迂回, 自然形成天然形成天然的八卦图形, 阴阳分明, 气势雄伟壮观, 图形面积两平方公里, 亦称“天下第一卦”。 国际著名预测大师邵伟华先生曾到此传教, 因山庄地处风水宝地, 人杰地灵, 自今有各地预测大师云集在此, 验卦如神, 周易文化不断发扬光大。山庄还利用鹞鹰山特有的天然溶洞结合自然景观营造了一个面积达6千多平方米的洞中夜总会。天然的洞中大舞台, 绚丽多姿的石景, 丰富多彩的娱乐活动, 仿佛置身于仙境之中, 被专家誉为“既是地下仙宫, 更是人间天堂。” 山庄还拥有歌舞表演、有奖射击、钓鱼、药浴按摩、浴脚堂、烧烤、风味小吃、宾馆和别墅群, 是会议、预测、休闲度假的理想选择之地。",,免费开放,地文景观,,,4,33,39
15,龙怀文化景区,广西壮族自治区桂林市荔浦县,全天开放,24.411,110.33,1,2,位于荔浦县城南12公里的龙怀乡境内，距桂林市中心120公里，距离“亚洲第一洞”丰鱼岩仅一公里，因其处于状若盘龙的群山环抱中而得名。龙怀是世界华商国际投资论坛永久会址，享有“华商之家”美誉。该景区内有阴阳二泉、观音奇峰、幽谷神潭、古樟迎客等自然景观，树木葱茏、清幽静谧如世外仙境。有大中华表博物苑、大自然根艺博物馆、大中华祈寿园、中华龙王等景点。大中华博物苑由古代牌匾、古生物化石、古人类石器、古代楹联、古代票据凭证、明清居室木雕六个博物馆组成。规模和收藏量居广西之最，现已收集有2000多块古牌匾，5000多件古生物化石，500多件古人类化石，1000多件明清埋藏木雕，1000多张明清、民国时期的凭据票证。大自然根艺馆占地面积3亩，建筑面积1000多平方米，馆藏精美根艺及根艺书法作品507件。其中最有特点的是“福和寿两个大字的根雕，两侧是“福如东海寿比南山八个字形较小一点的根雕。,,免费开放,文物古迹,3,,8,66,0
16,银龙古寨,广西壮族自治区桂林市荔浦县马岭镇,全天开放,24.6114,110.4376,1,2,银龙古寨位于荔浦县马岭镇，距桂林市区85公里，距321国道500米，为广西目前保存较完好的古寨民居。与银子岩风景旅游度假区一衣带水，唇齿相依。2005年被评为广西农业旅游示范点。古寨依山傍水，地处一个巨大的天然盆景中，四周群山环抱，连绵的山峰似是一条条芪龙，昂首腾飞；中央是绚丽多姿的小青山，山脚碧水清溪，古树参天，古民居座落间；拔地而起的朝寨山，耸入云霄，雨山恰似玉柱擎天，相得益彰，果树成林，千亩桃李，错落其间，四季花果飘香。古寨至今保存较完整，有古庙、古楼门、古巷、烽火台、抗法英雄陈嘉古墓。,,免费开放,文物古迹,4.6,3,1,45,0
17,长滩河漂流,广西壮族自治区桂林市荔浦县,全天,24.361026,110.28692,1,2,位于广西桂林市荔浦县修仁镇，距桂林市区120千米，距荔浦县城14千米，有公路直通景区。漂流起于修仁长滩河水库大坝脚，全长约6千米，水质绝佳，清彻见底，碧波荡漾，正常水流量约为18立方米/秒，河床宽30―60米。漂流主河道穿越于深山峡谷之间，两岸峰峦叠嶂，树林郁郁葱葱，植被保护完好。集峡谷漂流、民俗风情、山林旅游度假、沙滩游乐合为一体，是休闲度假的绝佳去处。  荔浦长滩河游区位于修仁镇以南8公里处，距县城 25公里，河长70公里，座船游览区14公里，流经数十座奇岭，穿过无数深山狭谷，河两旁竹木葱茏，怪石嶙峋，环境幽雅，山青水秀，夏凉冬暧，山中有千年古树，珍奇百兽，鸟语花香，水下有怪鱼万千，碧水绿荫，有漓江之美。,,50元/人,地文景观,,,3,82,176
18,荔浦修仁古榕,广西壮族自治区桂林市荔浦县马岭镇,全天,24.4315,110.2491,1,2,相传两株古榕已有500年以上高龄。为保护古榕，修仁镇人民政府于1986年筑护榕堤4段于古榕两侧，堤面平台设栏，供游人观榕休息，纳凉解暑。解放后列为荔浦县文物保护单位。有并排古榕两株，两株老干横空，枝叶繁茂，四时浓阴蔽日。南株树干周长12.65米，树冠覆面积1647.48平方米，高约50米；北株树干周长13米，树冠覆盖面积1421.63平方米，高约45米。相传两株古榕已有500年以上高龄。为保护古榕，修仁镇人民政府于1986年筑护榕堤4段于古榕两侧，堤面平台设栏，供游人观榕休息，纳凉解暑。解放后列为荔浦县文物保护单位。,,免费开放,生物景观,,,10,30,0
19,平乐仙家温泉,广西壮族自治区桂林市平乐县,全天开放,24.426583,110.977656,1,3,素有“仙泉”美誉的桂林仙家温泉，位于桂林市平乐县源头仙家村，延绵百里的天堂山脉北麓，高龙河环绕景区，万亩松林群山遍布，景区内环境优美、宁静、湖泊、亭台、相映成趣，流水潺潺，林静蛙鸣与大自然浑然一体，整体设计理念：依照山势、坡、台而建，共分三大层面，层次功能分明，园林布局尽量利用原始地貌进行优化，将人文景观和自然融为一体，营造了一个集：温泉疗养、水上乐园、星级酒店、商务会议、餐饮康体等为一体的综合性特色旅游休闲度假环境。具有独特的地层结构，以至于有具“仙泉”之称的平乐温泉出露，可采水量1230.14吨/天，水温常年稳定在43――47度。温泉是来自地下深部的构造裂隙水，补给区域广大，循环途径深远，经国家地矿部鉴定，温泉水内含二十多种对人体有益的放射性元素――氡。被确认为外浴内服俱佳属硫酸重碳酸钙偏硅酸的纯天然热矿泉水，对关节炎、皮肤病、神经痛、均有良好的治愈之功。,,成人70元，儿童40元,水域风光,4.1,3,3,65,70
20,东田石林,广西壮族自治区桂林平乐县源头镇,全天,24.4569,110.9983,1,3,东田石林位于源头镇玄武村公所。气候温和，阳光充足，石林露天，四面环山，由于从前遭受强烈的溶蚀，残山、石芽发育，形成了一片特殊的喀斯特地貌，景观奇特迷人，堪称“广西一绝”。其构景要素主要是残山和石芽，总观全区地貌，既有残山形成的山岩叠障，层峦有序，怪石嶙峋，石峰争奇，又有盆地，石芽形成的群芳竞秀，碧水粼粼，千姿百态，栩栩如生，神奇秀美。令人无不仿佛置身于神山仙境。,,免费开放,地文景观,,,10,35,0
21,榕津古榕,广西壮族自治区桂林市平乐县,全天,24.632841,110.84642,1,3,榕津古榕是由8株龄逾千年的古榕所组成，古榕古朴苍劲，枝叶繁茂，枝、干相连形成了带有几个拱门(拱门下可通行中型汽车)的奇特组合群体，使人大开眼界，赞不绝口。连理古榕和墙上古榕是榕津旅游资源中最具特色的景点。榕津临街的水塘排列成极有观赏价值的水体组合，河两旁婀娜多姿的凤尾竹丛及其倒影十分迷人，再加上村周围的田野，使榕津旅游区就象一幅江南田园风光图。榕津素有“十榕八桂九井十三塘，一渡两河三上岸”之美称。榕津千年古榕群其主干需十五人方能合抱，独特之处在于粗壮的气根形成了几根能通小汽车的奇特拱门组合，是中国绝无仅有的奇特景观。充分体现中国南方古镇风貌，古街长200米，宽3米，保留较为让你感到不虚此行，古街内木楼飞檐、青砖素瓦，更有充分体现崇榕文化的妈祖庙。同时榕津是中国四大剧种之一的桂剧发祥地，中国戏剧界一直留传着“中国桂剧在桂林，桂林桂剧自平乐，平乐桂剧源榕津”，如今榕津还保存着一面“广西第一锣”。,,免费开放,生物景观,4.6,,5,20,0
22,印象刘三姐,坐落在阳朔城东漓江与田家河的交汇处,第一场19:30、第二场21:00，需提前50分钟入场。节假日可能演三场、四场，具体演出时间请以景区当日公布为准。,24.771495,110.512947,1,4,印象刘三姐是世界上最大的、最具魅力的山水实景剧场，传唱最久远的民族山歌，史无前例的漓江风情巨献。《印象刘三姐》由桂林广维文华旅游文化产业有限公司投资建设、我国著名导演张艺谋出任总导演，国家一级编剧梅帅元任总策划、制作人，以及两位年轻导演 -- 王潮歌、樊跃的加盟，数易其稿，历时三年半努力制作而成。它集漓江山水风情、广西少数民族文化及中国精英艺术家创作之大成，是全世界第一部全新概念的“山水实景演出”。演出集唯一性、艺术性、震撼性、民族性、视觉性于一身，是一次演出的革命、一次视觉的革命。方圆两公里的漓江水域，十二座背景山峰，广袤无际的天穹，构成迄今世界上最大的山水剧场 --印象刘三姐。投资建设造的目前国内最大规模的环境艺术灯光工程及独特的烟雾效果工程，创造出如诗如梦的视觉效果。传统演出是在剧院有限的空间里进行，这场演出则以自然造化为实景舞台，放眼望去，漓江的水，桂林的山，化为中心的舞台，给人宽广的视野和超然的感受。在印象刘三姐，山峰的隐现、水镜的倒影、烟雨的点缀、竹林的轻吟、月光的披洒随时都会进入演出，成为美妙的插曲。晴天的漓江，清风倒影特别迷人；可烟雨漓江，赐给人们的却是另外一种美的享受；细雨如纱，飘飘沥沥；云雾缭绕，似在仙宫，如入梦境……演出正是利用晴、烟、雨、雾、春、夏、秋、冬不同的自然气候，创造出无穷的神奇魅力，使那里的演出每场都是新的。,,普通票：198元；贵宾席位B2：238元，B1：320元；总统席位A2：480元，A1：680元。1.2米以下儿童不收门票费用（不提供座位）；1.2米至1.4米的儿童需购儿童票85元。,民俗风情,4,,8,120,198
23,遇龙河漂游,广西省桂林市阳朔县白沙镇遇龙村,8:00-16:30。(各码头开放时间请以景区实际情况为准。)1.27（大年三十）景区营业时间截止到中午12:00，请游客注意时间安排。,24.781134,110.441514,1,4,遇龙河竹筏漂游是一种休闲游，能够让您与大自然来一个亲密接触，躺在竹筏上面，呼吸着新鲜的空气，看着两岸迷人的田园风光，是一种享受，偶尔来点小刺激，让您有惊无险。遇龙河，即显现小家碧玉的温婉闲静，秀而不媚，楚楚动人；又聚有大家闺秀的大家之气，山疏水朗，冰清玉洁，率真浩然。,,分段收费，兴隆区漂流门票100元，遇龙河（朝阳-工农桥）漂流门票约150元，其他航段票价不一，旺季票价会有一定幅度上涨。,水域风光,4.4,,2,180,120
24,世外桃源,广西壮族自治区桂林市阳朔县白沙镇五里店桂阳公路,8:30―17:30,24.868433,110.399611,1,4,世外桃源景区是根据晋代陶渊明所著的《桃花源记》中的美景，结合当地的田园风光所设计开发的首批国家AAAA景区，并通过了ISO14001国际环境管理体系认证和ISO9001国际质量管理体系的认证，是世界旅游组织推荐旅游目的地，2004年5月份被评为首批全国农业旅游示范点，在桂林目前是唯一获得此殊荣的景区。景区位于桂阳公路旁，距桂林49KM、距阳朔15KM，田园风光、民俗风情、民寨大观有机排序，与大自然的秀美融合为一体，使您在此领略山光水色、民俗风情的同时，有一种恍若隔世的感觉。,,100.00元（包含园内船舶交通、表演观看、讲解）,水域风光,4.5,874,9,90,100
25,月亮山,广西壮族自治区桂林市高田境内，距离阳朔8公里,每天8：00―17：30（月亮山观月道需15分钟，若登顶需1小时）,24.727792,110.483296,1,4,"在阳朔城南8．5公里桂荔公路西侧高田乡凤楼村境内，海拔380米，长410米，宽220米。山上石壁如屏，中空一洞，若明月当空，称明月峰，俗名月亮山。 月亮山有天下名山、仙山、灵山之美誉，山上有大理石铺就的800级登山道可达""月宫""。""月宫""高、宽均约50米，内多乳石，状如嫦娥、玉免，与广寒宫神话相合。从山下""赏月路""的不同角度看去，可见圆月、半月、眉月等不同形状。在短短的几分钟内就可以看到月亮阴晴圆缺变化的动态景观，也可算得上阳朔县一大奇观了。",,15元/人,地文景观,3.9,328,6,90,15
26,阳朔大榕树,阳朔县穿岩村大榕树景区,每天8：00―17：30(大榕树游览需30分钟）,24.737713,110.49339,1,4,位于阳朔县城南7.5公里。树高17米，树围7.05米，远望似一绿色巨伞撑立地上。隔河有穿岩，组成穿岩古榕景点。阳朔大榕树景区是世界岩溶喀斯特地貌峰林峰丛最集中、最典型、最有代表性的地方，以奇特的岩溶喀斯特地貌、如诗如画般的山水田园风光和丰富的壮族少数民族民俗文化闻名天下。诗情画意韵律优美的稻田，清澈见底的小河，青翠湿润的山峰，凤尾竹，壮家村寨，水车，清新爽人的空气，标示着这里人与自然的完美和谐，更似一幅艺术水平极高的中国水墨山水画长卷。曾被美国哈佛大学博士、世界著名园林专家卡尔称为：在中国看到了最美丽的地方。风靡中国及东南亚地区的电影《刘三姐》很多镜头在此拍摄，影片中刘三姐与阿牛哥大榕树下抛绣球定终身的情景打动了天下有情人。,,20.00元,生物景观,3.5,,11,60,20
28,西街,位于广西阳朔县城中心,全天开放,24.779363,110.500287,1,4,西街是阳朔县城内最古老的街道，有1400多年的历史，位于县城中心，全长1180米，宽8米。在隋开皇十年（590年）设置阳朔县时，县城就已有这条长约200米、宽约5米的街道。当时街上只有几家经营日用品的店铺，居民大部分是农民。1000多年来，这条小街一直保持著“半是乡村半是店，可为生意可为耕”的半商半农状态。这种历史状态使西街保持了典型的南方村镇的传统风情和面貌，使西街人形成了城里人和乡里人的双重面孔。20世纪70年代初，阳朔正式对外开放，许多西方游人在饱览了桂林漓江风光以后，来到阳朔，才发现在这奇山秀水之中，有一条这么迷人的小街。这些西方人像当年哥伦布发现了新大陆一样，把对西街的新奇、印象写到西方出版的旅游指南上。到了20世纪80年代，西方的自助旅游者找到了西街。那些被繁华闹市的喧嚣和快节奏的工作搅得身心疲惫的西方人，似乎在这里找到了休憩的港湾。之后，西街的景象“不可收拾”了，很多洋人纷纷来这里旅游。阳朔西街是外国人在中国最密集的一条街，每年来这里居住休闲游的外国人相当于这里常住人口的三倍。西街是全中国最大的外语角，其涉外婚姻比例之高为全中国之最。为此，旅游界专家、学者称之为“中国旅游业中的阳朔现象”，中国的“地球村”。这种现象引起中国人的关注，世界的关注。其充满了异国情调的夜景更是风情万种。西街上的饭店、餐馆、网吧、酒吧等等都是中西合璧的，几乎所有的招牌都是中英文对照，从老板到服务员到街边的小摊大妈都能说一口流利的英语，这里已经没有地域的差异了，闲散、悠闲的生活，让很多到这里旅游的游客久久不想离去。“偷得浮生几日闲”，也许在这里才能感受到什么是生活。中外游人川流不息，或购物，或观赏。街边餐馆的菜谱既有中式，也有西式。许多外国人围坐在此喝啤酒，品佳肴，兴致来时还要亲自下厨掌勺。这使西街成了名副其实的洋人街，它给阳朔小城增添了一道亮丽的风景。游人在这里可以尽情享受到小镇幽静的环境和独具情韵的休闲时光，体会浪漫的情调和异国的风情。游览西街完全是一种体验――她浓浓的乡村氛围中流淌着纯正的小资情调，朴素的民风里包容着令人惊讶的国际元素，阳朔人爱吃的糍粑与米粉、正宗的意大利咖啡与西餐、古老的中国画、最前卫的休闲风尚、国语、英文、法语、意大利语乃至西班牙语……种种看似不可能的，全部柔合在长度不足1000米的岭南小街里。,,免费开放,民俗风情,4.5,,5,150,0
29,龙颈河漂流,阳朔县兴坪镇大源林场境内，距阳朔县城三十公里,夏季10:00 12:00 15:30,24.780526,110.496834,1,4,龙颈河景区是由阳朔县龙颈河森林生态旅游有限公司投资开发的原生态旅游景区。景区位于桂林阳朔县国家森林公园境内，森林面积12.8万亩，主要经营有峡谷漂流、高山探险、森林徒步等旅游项目。龙颈河景区到桂林市区只需90分钟车程，距阳朔县城仅35公里，距桂梧高速路阳朔出口不足30分钟车程，柏油路、水泥路直通景区，在各主要路口均设有醒目的路标。开通了柳州市、桂林市、阳朔县接送游客的专线车，交通十分便捷。龙颈河漂流是桂林乃至全国非常有特色的水上探险型漂流，其漂流类型分为两类。勇士漂：漂流河道全长6公里，整体落差达180米，河谷两边山峦叠嶂、森林苍莽、清溪潺潺、聚泉成流，水质极为清澈。河谷两岸还有古树、奇石、果林，有10多个3-6米的落差刺激处，108个旋转弯，沿途精彩连连，充满惊险与刺激，让您秒秒钟嚎吼尖叫。猛士漂：我公司加大景区投入力度，新开发猛士漂流段，猛士漂全程6公里，落差240米，全程水流湍急，在九曲十八弯的天然河谷中漂流，在这里渡险滩、越激流、转旋涡、冲浪尖......迁回于雄伟壮丽和惊心动魄之中，切身感受到龙颈河猛士漂澎湃激昂的心灵震撼，挑战您的勇气与胆略，发泄您的压力，在紧张与刺激中产生无穷的乐趣。,,135元/人,水域风光,4.5,,2,90,165
30,聚龙潭,广西壮族自治区桂林市阳朔县321国道 ? 北 0.1 米,8:30-17:30,24.732254,110.489753,1,4,聚龙潭内，观赏的内容全是溶洞景观。一般溶洞所有的石芽、石花、钟乳、穴珠、瀑布、落水洞、地下河等等皆可见到，美不胜收。有些地段移步换景，令人目不暇接。且由这些美景所附今流传的一个个优美神话，或启迪智慧、或嘲骂邪恶、或赞颂爱情、或宣扬中华传统美，皆优美动人。游岩归来，不仅能让人获得美的享受，也会得到一些新的知识。 聚龙潭又是阳朔境内唯一可兼水陆游览的溶洞。在近千米长的游道中，有约四分之一的游程游人可乘船游览。水道旁又设有安全防护栈道连通。水陆游程，皆可随游客自己选择。因岩外奇峰竞秀，宛如神龙腾云，岩内乳石多姿，巧似游龙戏水，故取名聚龙潭。它全长约一千米，游览时间约四十分钟。聚龙潭的景物，全系鬼斧神工，不假人力雕饰。主要景点有：老人守宝、蟠桃盛会、贵妃新浴、石林奇观、龙宫玉柱、海市唇楼等四十余处。加上配以优美的音乐和彩色的灯光，游客既可策杖观光，又可乘船赏景，大有置身仙境之感。奇石宫是聚龙潭度假公园的重点景区，位于风景秀丽的遇龙河、金宝河交汇处，紧邻大榕树、月亮山。四周群山怀抱，门前江水迂回。村舍掩隐，田园如织，美不胜收。奇石宫占地九百余平方米，分七个展厅。一千余件各类奇石在此一展风采，欢迎你进入一个神奇的石世界。各种奇石的象形会意，清雅古拙，或形神兼备，或色彩斑斓。令你感受沧海桑田的地质变化和大自然的鬼斧神工，令你远离喧嚣的都市，回归自然；愿您张开您想象的翅膀，遨游这艺术的殿堂，领略它丰富的内涵和朴实无华的境界。,,60元/人,地文景观,4,,12,150,60
31,壮王府,桂林南郊雁山区,8:30―17:30,25.083427,110.316628,1,5,壮王府位于桂林南郊雁山区，距市中心24 公里，是一座以自然山水为基础的古典私家园林。清同治八年（公元1869年）由广西团练总办唐仁及其子唐岳兴建，历来有“岭南第一园”之誉。园林建好取名“雁山别墅”，声震岭南，盛极一时。可惜好景不长，第二年唐岳去世，他的后人由于管理不善，不久园林就荒芜了，于是将它卖与两广总督岑春煊。岑春煊是西林人，便把雁山别墅改名为“西林花园”。1929年又捐赠给了广西省政府，遂更名为“雁山公园”。公园北自乳钟山，南至方竹山，南北长约500 米，东西宽约330 米，占地200多亩。公园围墙外，溪水环流。乳钟山和方竹山各高约50 米，小巧玲珑，林木茂密，秀色葱茏。方竹山上有桃源洞，是园主取意陶渊明的《桃花源记》而得名。山洞南北对穿，幽径曲折，洞分两层，北高南宽。上洞有岑春煊及国民政府主席林森等人的石刻；下洞于两山之间为宽阔的碧云湖。洞内石笋破土而出，岩顶钟乳奇形怪状。洞往外视，口有茅亭，绿竹点缀，清高静谧。因此地曾出土动物化石，故又称“龙骨洞”。又因洞外有红豆树，亦又称“相思洞”，是为二奇。方竹山北麓，建有涵通楼，楼东为碧云湖舫，楼西为澄研阁。楼、阁、湖舫间有长廊连属，雕梁画栋，飞檐翘角，极为壮观。桃源洞不远，有积水成池，百余平方米，终年不干涸。水从地下而出，腾波鼓浪，轰然有声。水纹如花状，游移成漩涡，再悄然隐去。池水雨季不涨，旱季不落，始终保持在一个水平线上，不惊不乍，怡然自得，是为三奇也。清泉涌出，流贯园内西部，名青罗溪，宛若细软轻柔的一带青罗，由方竹山下向北飘然而去。水是园林的精灵，有了水便让人平添诗情画意。园内一条青溪环绕，流水潺潺，从园外相思江分流而出，直奔公园。,,90元/人,文物古迹,,,6,45,0
32,山水园,广西壮族自治区桂林市阳朔县滨江路,8：00―17：30,24.77501,110.49727,1,4,阳朔山水园位于阳朔县城内碧莲峰东麓，风景如画的漓江环绕而过，集山水秀色、文化古迹、珍奇赏玩于一身被誉为“园中之园”。从唐代佛门大师鉴真、诗人曹邺、旅行家徐霞客到周恩来、陈毅、邓小平都曾到此游览，留下大量诗文墨宝。山揽胜：在古木参天的风景道漫步，可俯看环绕而过的漓江风光，近观混然天成瀑布溪流，登迎江阁，更可尽赏晨雾、霞光、夕照 、烟雨、渔火等绝妙景致。珍奇赏玩：园中奇石馆、盆蚊园等展示奇花异草、假山盆景、石中极品等。园内景观主要包括：迎江阁、画窗八景、鉴山楼、鉴真纪念馆、古道碑林、风景栈道、瀑布溪流、奇石馆等。公园景观以一条刻满著名历史文人碑文的风景道而杨名，共有大小石刻贰拾多件，已于1981年被列为重点文物保护单位。其中碑文上不但有民国爱国人士吴迈所书的“桂林山水甲天下，阳朔堪称甲桂林”的著名诗句，而且还有清代阳朔县令王元仁所书的特大草书“带”字，此字笔画如行云流水，又有龙腾虎跃之势，且字中藏字，字里藏诗，一个字中藏有一首四言诗：一带山河，举世无双，少年努力，万古流芳，让来自中外的游客赞叹不已！,,50元/人,文物古迹,4,43,2,90,50
33,碧莲峰,广西壮族自治区桂林市阳朔县 ? 东北 12061 公里,全天，早上8点前免费,24.78076,110.504546,1,4,在漓江游的最后一景就是阳朔的碧莲峰，又称芙蓉峰、鉴山。它是阳朔县城的主峰，位于城东南的漓江边，山上树木，四时苍翠，从远处看去就像一朵含苞欲放的莲花，当微风吹来，江中的莲花倒影，仿佛徐徐绽开，于是“莲峰倒映”便成了阳朔的一大名胜。登山远眺，周围数十里奇峰林立，云霞缭绕，瑰丽风光尽收眼底；俯视朔城漓水，田财贸村舍，美好图画如拥怀中。特别是登碧莲峰看东岭朝霞，“日跃群峰霞光艳，万朵芙蓉层叠出”，景色蔚为壮观。故有前人刻有“登临好”三字于山顶石壁。“东岭朝霞”为阳朔八景之一。郭沫若先生1963年游此山后，曾赋诗赞云：“奇峰八面玉玲珑，深感吾身只二瞳。忽观音千手眼，料应生自碧莲峰。”碧莲峰现在已成为阳朔的象征。碧莲峰倒映在漓江水中，微风吹拂水面时，莲花倒影仿佛徐徐绽放，成为阳朔的一大名胜。在日出及日落前后，还可观赏“碧莲翠竹”、“双峰锁江”、“白沙渔火”等胜景。峰上西北有小道，由此可登上绝顶，极目眺望，十里峰林，九曲漓水，美不胜收。碧莲峰林木葱茏，苍翠欲滴，东北麓建有鉴山寺，后因毁于抗日战争而复建鉴山楼，鉴山楼为两层仿古建筑，底层为三面开敞阁道，上层为观景楼阁，视野极佳，可将“千峰万壑眼底收”。鉴山楼下为迎江阁，阁上有八面窗，每一窗都像一个画框，临窗远眺，一窗一景，各不相同。迎江阁东有风景道，道旁壁上有颇多石刻 ，其中清代王远人一笔写成的“带”字，笔法苍劲，一气呵成，如行云流水，颇具气势，堪称摩崖石刻之极品。过了风景道，绕道西麓，沿小路盘曲直上可达峰顶，峰顶石壁上刻有“登临好”三个大字；每当日出或日落，“东岭朝霞”、“白沙渔火”等胜景就会显现,,免费开放,地文景观,4,,9,42,28
34,蝴蝶泉,广西壮族自治区桂林市阳朔县十里画廊旁边,8：00―18：00。,24.745945,110.503435,1,4,蝴蝶泉，坐落在大理点苍山云弄峰下。它像一颗透明的宝石，镶嵌在绿荫之中，以它特有的奇观，吸引着远近游客。大理蝴蝶泉从下关乘车，沿滇藏公路北行30余公里，车左侧即有一座古色古色的石牌坊映入眼帘。牌坊上书“蝴蝶泉”三个大字，乃郭沫若游大理时留下的墨迹。从牌坊到蝴蝶泉边，约有百米，泉池二三丈见方，四周用透亮的大理石砌成扩栏。泉水清澈见底，一串串银色水泡，自沙石中徐徐涌出，汩汩冒出水面，泛起片片水花。这泉水得苍山化雪之功，不仅水量稳定，水质也十分优良每年农历三四月间，云弄峰山上各种奇花异草竞相开放，泉边的合欢树散发出一种淡雅的清香，诱使成千上万的蝴蝶前来聚会。这些蝴蝶大的如掌，小的如蜂，它们或翩舞于色彩斑斓的山茶、杜鹃等花草间，或嬉戏于花枝招展的游人头顶。更有那数不清的彩蝶，从合欢树上，一只只倒挂焉，连须钩足，结成长串，一直垂到水面，阳光之下，五彩焕然，壮观奇丽。尤其是旧历四月十五这一天，若遇天气晴和，更是盛况空前，不仅蝴蝶多得惊人，而且品种繁多，如凤尾蝶、大瓦灰蝶等等，应有尽有，汇成了蝴蝶的世界。蝴蝶泉位于苍山第一峰云弄峰神摩山下，南距大理古城27公里。蝴蝶泉面积50多平方米，为方形泉潭。泉水清澈如镜，有泉底冒出，泉边弄荫如盖，一高大古树，横卧泉上，这就是“蝴蝶树”。每年春夏天之交，特别是4月15日，蝴蝶树芬芳引蝴蝶。大批蝴蝶聚于泉边，满天飞舞。最奇的是万千彩蝴蝶，交尾相随，倒挂蝴蝶树上，形成无数串，垂及水面，蔚为壮观。蝴蝶泉奇景古已有之，明代徐霞客笔下已有生动的记载。郭沫若1961年游览时，手书“蝴蝶泉”三个大字，刻于泉边的坊石之上。近年来，蝴蝶泉公园经过修整与扩建，修有蝴蝶楼、六角亭、大月牙池、蝴蝶标本馆、望海楼和徐霞客雕像等。,,75.00元,地文景观,4,,7,150,75
35,阳朔高田风光,广西壮族自治区桂林阳朔县高田镇,7：00-18：30,24.71,110.4624,1,4,"阳朔高田风景区位于高田乡境内。大榕树、月亮山为其代表。该景区是开发较早, 投资较多的景区之一。其风光古朴素雅、恬静安逸。榕荫古渡、流水潺潺, 田禾翠绿、炊烟缭绕、一派特有的田园风光。主要风景点有穿岩、大榕树、月亮山、九牛岭、卧虎山、黑岩、马象奇石、青厄渡、潘庄等20多处。最为奇特的是月亮山, 山头有一天然大圆洞, 两面贯通, 远看酷似天上明月高挂。如从不同的角度变换观看, 此洞形状也不断变化。驱车赏月路, 你会看到此洞初时状若弯弯上弦月, 逐渐变成半月、圆月, 继而又变成下弦月, 此奇观鬼斧神工, 令人拍案叫绝。",,免费开放,城乡风貌,,,5,80,0
36,阳朔风光,阳朔位于广西东北部，南距桂林市65公里，东与恭城、平乐相邻，南与荔浦交界，西与临桂、永福接壤，北与灵川、桂林毗邻,全天,24.779,110.496,1,4,“桂林山水甲天下”，自古以来，桂林就因其美丽的漓江风光而名闻天下，然而殊不知，漓江在从桂林流至阳朔的这８３公里的澄清水路上，尤其是从杨堤至阳朔 段，荟萃了漓江山水的精华，“一步十景，处处入画”，令游客目不暇接，在此乘舟泛游漓江，环绕在苍翠的群山之中，风光旖旎，处处诗情画意，于是，便有了“阳朔风光甲桂林”，阳朔的“青山、秀水、奇峰、幽洞”，更为天下四绝。阳朔气候温和，四季常青，漓江纵贯南北，江水清澈见底，县城被十几座苍翠的山峰环绕，屋宇错落其间，秀雅崎丽，甚似一朵碧莲，明代旅行家徐霞客叹赞为“碧莲玉笋世界”。,,免费开放,城乡风貌,,,9,26,0
37,阳朔大桥周边风光,阳朔位于广西东北部，南距桂林市66公里，东与恭城、平乐相邻，南与荔浦交界，西与临桂、永福接壤，北与灵川、桂林毗邻,全天,24.995,110.453,1,4,在阳朔县白沙乡旧县村遇龙河支流上。南北走向。建于北宋宣和五年（1123年），南宋绍兴七年十二月初三（1138年1月5日）重修。单拱石桥，桥长15 米、宽4．2米、拱跨6．9米。桥面铺石板，两端各有踏跺四级。拱壁建桥记：“岁次癸卯宣和五年九月二十六日丙子朔甲时建架新卷石桥一座。”“岁次了巴绍兴七年十二月初三庚申日乙时重新修架仙桂桥……。”字迹剥蚀，桥体完好。是广西现存最早的桥梁,,免费开放,城乡风貌,4.5,,10,30,0
38,阳朔矮山,广西壮族自治区桂林市阳朔县矮山,全天,24.790155,110.581442,1,4,桂林山水甲天下、阳朔处处是美景。这是许多中外游客到桂林后对桂林、阳朔山水风光的最佳赞赏。事实的确如此，无论您站在阳朔那个角度看阳朔风光，都会引起您的遐思和共鸣。在这众多阳朔风光中，阳朔遇龙河中的一道奇景―骆驼过江，一定是您或许是一生都难得的自然风光奇遇。那酷似真骆驼造型的山正迈着艰难的“脚步”一步一步渡过“遇龙河”，渡过了“遇龙河”，前面还有众多大山横亘在“骆驼”面前，这些似乎昭示着人生的艰辛和困难。但只有不为艰辛和困难的人才能向骆驼一样成功！沿桂荔路南行，只见青山翠崖，峰回路转，稻田层层，村舍星布。绿色的金宝河和玉龙河汇合成田家河，流向漓江。过去在合山江口曾有一渡，叫青岩渡，而今此处已修建了一座工农桥。在桥上远眺，可观赏到河水清碧，缓缓东流，两岸绿竹婆娑，这一景就“青岩古渡”。站在桥上还可以看到田家河上游有一座山，好像想涉水过江的骆驼，人称“骆驼过江”。这一带风光实在太美，常令人流连忘返。抗战时期绘画大师徐悲鸿就在这里居住了一年之久。,,票价：15元/人，登山5元/人,地文景观,,,4,63,15
39,莲花岩,广西壮族自治区桂林市阳朔县,全天,24.939049,110.571077,1,4,莲花岩位于桂林市阳朔县兴坪镇白山底村旁的一座石山内，洞长481米，最宽处25米，最高处38米。岩内钟乳石、石柱、石幔遍布，景色奇特壮观，目前已命名的主要景点有“莲塘奇观”、“双龙出洞”、“仙莲倒吊”等十余处，一些景观尚未取名。在六十年代前该岩还鲜为人知，当地人叫该岩为“匍地岩”，因该岩洞口太小，爬行方能进岩而得名。岩内有一“莲塘”，塘内有一百多个云盆，底小面阔，顶平且圆，周有边线凸出，均厚约30公分，成水平分布，最大者直径达1米多，状若圆桌，春夏季节里，塘水盈积，仅露出其圆顶平面，酷似片片莲叶浮于水面，令人叹为观止，故称“莲塘奇观”，是中外罕见的岩溶地貌奇景，亦是莲花岩诸景之精华部分，水中还有碎小的岩石，就象晶莹的莲子，以前是可以携带出岩的，现在已经禁止携取了。一条清浅的小河，胡家源河在村边流过，周边群山相连，风景极为优美。莲花岩岩体如瓶，内宽外窄，岩口狭小，已开发供游览部分长481米，岩内乳石遍布，形态万千，已命名景点百余处。 岩内景观主要有：莲塘奇观，水面飘浮着大大小小108块如荷叶的云盆，盆中满盛天然穴珠，又称溶洞珍珠，大小、形状、颜色与莲实同。仙莲倒挂，进口处簇簇乳石，如片片莲瓣，橡一朵硕大的莲花，高悬洞顶，华丽夺目。双龙出洞，进岩100余米，两旁岩壁，各有一石槽，蜿蜒曲折，直至洞底，像两条蛟龙，向洞外飞行。深潭巨蟒莲塘左有潭，深不可测，与岩外小河暗通，经年不涸。潭畔有石痕，其中一道深陷如蟒，遍结小石，如鳞，盘曲潭边。,,50元/人,地文景观,4.5,11,7,75,50
40,东郎山,广西壮族自治区桂林市阳朔县,全天,24.809686,110.570421,1,4,东郎山， 在福利镇北，西距阳朔县城10公里，海拔273米，相对高度160米，长430米，宽290米，山体面积12．47公顷。山上突立一巨石，如人形，与隔江的西郎山相应，故名东郎，又名东人山，俗称人仔山。在不同的角度观看，形象随之而变，从东南方看像柔情少女，正南像蹒跚老翁，东北像赳赳武士。东郎山之东有雄狮山，东北有将军山、马鞍山，西有凤凰山，西南有状元峰，成为四周有山环拱的名山。自古以来，流传着孪生兄弟东郎西郎与孪生姐妹玉姑小姑恋爱的动人故事（见《山水园林・阳朔公园・西郎山》），更为东郎山增添神奇色彩。东郎山东面公路旁，有宋代应诚庙遗址和东山亭，残留的《尚书省牒静江府阳朔县应诚庙威显侯》石碑刻于宋绍兴十一年（1141），是阳朔现存最古的碑刻。东郎山南，是宋代繁荣一时的黄道街遗址。山麓曾是新石器时代原始人类活动之地，有古猿遗址。唐曹邺诗云：“东郎屹立向东方，翘首朝朝候太阳；一片丹心存千古，谁云坐处是遐荒”。,,免费开放,地文景观,4,8,6,50,30
41,石头城,在阳朔的西北部葡萄镇梅岭间,全天,24.91477,110.425,1,4,南门建在海拔400多米的山坳上，两边是高耸入云的陡峭山峰，南门在山坳中心，门呈拱状，分内拱外拱两层，中间顶端有门耳和门栓插孔。外拱高2.75米，宽2.6米，内拱高2.6米，宽2.8米，内外门洞纵深3.4米；城墙高4米，左右向两边山脊长蛇般绵处，城墙为大方凿石驿砌，十分平整坚固。墙立于崖上，地势十分险要。据山里人说，1944年日本鬼子到了对面村庄，见南门居高临下，雄奇险峻，望而生畏，不敢前移，村民每每谈及此事，津津乐道，引以为骄傲。最雄伟要数东门，东门乃四门之首。门高3.28米，宽2.92米，门洞纵深4.62米。东门矗立两山肩上，地势更为险峻，古道台阶顺坡而下，两门诊室高山直插云端，山面悬崖绝壁，猿猴不可上。城墙如龙蛇摆阵，向两边山峰攀沿。可想当年守城者真可谓一夫当关，万夫莫开。别说万箭齐发，就是乱石擂木冲下，千军万马也要落荒溃逃。北门、西门与东门、南门大致相似，所不同之处是西内门不为拱顶而作平顶，呈桥板状，内门顶是两块大石板平架桥状。其中外桥板一块长4.3米，宽1.06米，厚0.34米，约重3000公斤，我们发现这是整座石城最宽大的一块石头。当时没有吊车链环，不知古人如何将这块巨石托起架到石门上的。从城墙的垒砌和城门设计，大致与桂林王城相似，人们猜测为明朝所建，但没有桂林王城那么规范。尽管是山野之城，其规模之大，地势之险，建筑之神奇，在全国也是屈指可数的，至今在广西是保存最为完好的古城之一。,,免费开放,文物古迹,,,4,60,30
42,芦笛岩,"桂林市秀峰区
芦笛路1号",淡季（每年12月到次年3月）：8:00-17:30； 旺季（每年4月到12月）：7:30-18:00,25.316421,110.279189,1,6,"芦笛公园的重要景点有：芦笛岩、芳莲池、天桥。1、芦笛岩

芦笛岩被誉为“大自然的艺术之宫”，其洞内有大量奇特怪异的石笋、石乳、石柱、石幔、石花，它们组成了狮岭朝霞、蘑菇山传奇、石乳罗帐、光明楼、盘龙宝塔、原始森林、水晶宫、花果山等景观。洞内还存有贞元八年（792）以来的历代壁画77则，都是用墨笔书写，有的壁画历经了1000余年，至今墨迹仍然可以辨认出来。
2、芳莲池
在芳莲岭与光明山下，呈正方形，水面面积1.8公顷。《嘉庆重修一统志》载：“光明山山势峭拔，有一穴通明，其水储为于家庄渠，灌田数百顷。”1964年开挖成人工湖，泉水长流，湖水澄碧，四时不涸。芳莲池东北，兴建芳莲水榭、莲汀步级，丰富水上游览活动，西南有丰收亭，并有曲桥通连。楼台亭榭，碧水浓荫，丰富了景区的内涵，增加了游人的雅趣",,90元/人,地文景观,4.5,2205,1,75,90
43,两江四湖,桂林市象山区,"夜游两江四湖
开放时间：19:30-21:30
日游水上桂林
开放时间：8:00--16:30
渔鹰捕鱼
开放时间：19:30--21：45
日游一江四湖含木龙湖
开放时间：8:30--16:30",25.257807,110.298593,1,6,"两江四湖[1]是指――两江，指漓江的市区段和桃花江的市区段；四湖，指市中心的杉(读“沙”)湖、榕湖、桂湖、木龙湖。读桂林地图可知，两江四湖构成市区的主要水系，两江四湖是桂林市水上游的重要项目之一。
桃花江发源于临桂县，经芦笛岩、甲山，从象山北侧汇入漓江，是漓江的重要支流。
“四湖”在唐代本是桂林的护城河。到了明朝，由于城池南扩到桃花江，原来的护城河就逐步演变成一个一个相连的湖泊。不过，“四湖”中最北端的木龙湖却是前几年为了打通环城水系才开凿出来的，因为木龙湖的南面就是叠彩山，乃城市之天然屏障，所以古人并不需要劳神费力在这里挖掘深池。
“四湖”两岸，遍植名树名花，市民游人皆可随意步行游玩，为市中心最大的开放式公园。
“四湖”的上游有暗渠与漓江相通，湖水约半月可更换一次，所以湖水的水体质量不错，可以游泳，管理公司专门在桂湖北端辟有天然泳池。
两江四湖游览线路的主要景观在“四湖”沿线。根据所购船票不同，游客分别从两个码头上船：桃花江舍利塔码头和杉湖知音台码头。
两江四湖----两江四湖是指由漓江、桃花江、榕湖、杉湖、桂湖和木龙湖所构成的桂林环城水系，是桂林城市中心最优美的环城风景带。其环城水系全长7.33公里，水面面积38.59万平方米。与威尼斯媲美的环城水系。该工程最早形成于北宋年间（960-1127年），当时榕湖、杉湖、桂湖上舟楫纵横，游人如织，兴盛一时。由于年代久远，一些湖塘已经填没。 为了再现当年桂林“水城”的繁荣景象，并恢复桂林宋代水上游的城市游览模式，桂林“两江四湖”工程的构想，经过建设者们1000多个日日夜夜的艰苦奋战，桂林“两江四湖”于2002年6月2日上午实现了通航。南宋著名诗词家刘克庄咏叹桂林“千山环野立，一水抱城流”的梦想，从此成为现实。",,夜游两江四湖（豪华船）儿童票￥105 夜游两江四湖（普通船）成人票￥190 夜游两江四湖（普通船）儿童票 ￥95 夜游两江四湖（豪华船）成人票￥200,水域风光,4.5,3408,2,112,190
44,西山公园,"桂林市秀峰区
西山路",每日7：30―18：30。,25.288518,110.287631,1,6,位于桂林市中心，在秀峰区西山路东段，湘桂铁路西侧，距市中心广场2公里，占地面积125万平方米，早在1000多年前的唐代便成为旅游胜地，是桂林最早被开发的旅游景区。景区由西山群峰、西湖及隐山组成，里面群峰环绕耸立，西湖、桃花江相映带，形成山重水复的奇景。每近黄昏，夕阳斜挂山峰，云林变幻、金光万道、紫气蒸腾，是为脍炙人口的桂林老八景之“西峰夕照”。此外，据载唐代天下西湖三十六，以桂林西湖为大，湖水明透如镜，山峦翠彩，倒映水中，是全中国唯一山水相连的西湖；湖中荷香涟漪，烟波袅袅，一玲珑小山其间若隐若现，是名隐山。隐山多洞，著名的有北牖、朝阳、白雀、嘉莲、南华、夕阳，合称“隐山六洞”。清代学者阮元所著的《隐山铭》中说：“一山尽空，六洞互透。”六洞各呈姿态，多与泉水相连，成为地下“龙宫”，人称“八桂岩洞最奇绝处”。,,75元/人,古典园林,4,,10,45,70
45,桂林王城景区,桂林市秀峰区东华路 王城,每日7：30―18：30。,25.288518,110.287631,1,6,靖江王城也叫桂林王城，位于桂林市中心，著名的独秀峰就屹立在王城的正中位置。远顺帝妥滋睦尔继位前曾在独秀峰前的大圆寺修行。朱元璋称帝封藩时，将其侄孙朱守谦封藩于桂林，称靖江王。王城就是靖江王的王府。靖江王城也叫桂林王城，位于桂林市中心，著名的独秀峰就屹立在王城的正中位置。远顺帝妥滋睦尔继位前曾在独秀峰前的大圆寺修行。朱元璋称帝封藩时，将其侄孙朱守谦封藩于桂林，称靖江王。王城就是靖江王的王府。内有贡院旧址、独秀峰、太平岩、独秀峰峰摩崖石刻、孔子刻像等著名景点,,130元/人,古典园林,4,,9,120,130
46,刘三姐景观园,"桂林市秀峰区
桃花江路1号","8：30～
21：30",25.286431,110.276168,1,6,刘三姐景观园，座落在风景怡人的桃花江畔，占地一百多亩，总投资伍仟余万元人民。是以刘三姐文化，广西壮族文化及民俗民风为主题的休闲游乐场所。    步入景观园，广西壮、瑶、侗、苗的少男少女歌舞相迎，说是跳过竹竿舞陈，会步步高升；迎面的水上会对歌台，可一舒歌喉与美丽的刘三姐对歌比试，被三姐相中的幸运游客还可得到抛出的绣球；寨楼风情是游客参与性节目，游客能身临其境地感受广柑少数民族的婚礼习俗。    去到莫府、阿牛家不仅感受到电影《刘三姐》场面的再现，还可观看上刀山、下火海绝技，斗鸡等表演。另外还可以到鸟语林去感受百鸟生态，小鸟表演和孔雀送客。这里还有各类小游艺及民族秋千娱乐。莫老爷小吃大观园内的各类有多种广西特色小吃。,,100元/人,古典园林,4,,10,80,100
47,桂林山水间,广西壮族自治区桂林市滨江路12号漓江剧院,每天晚上20:00开演,25.278983,110.304371,1,6,《山水间》是一台应用国际一流舞台技术、以桂林风情歌舞与精品杂技综合表演艺术形式、以一个奇特的角度为观众讲述桂林山水故事的旅游舞台秀。这台演出由桂林市旅游文化演艺有限公司出品，由2008北京奥运会开闭幕式导演组成员、闭幕式执行副总导演、2010年广州亚运会开幕式执行总导演章东新编剧执导，历时两年策划创意、构思编排，倾全力精心打造完成。全剧以桂林地域文化为根脉，以“游客”一角为引线串联全篇，将桂林群峰之形、秀水之态、人物之色、田园之美、神仙之奇和生活之趣揉入跌宕起伏的剧情，以神奇玄幻的艺术表现手法为观众打造全景视听体验。,,35元/人,民俗风情,4.5,,8,95,198
48,骝马山摩崖造像,市区骝马山北麓,,25.291014,110.2906,1,6,桂林市重点文物保护单位。位于市区骝马山北麓。共6龛，23尊。主要镌刻佛、弟子、菩萨和供养人。2～6号龛保存基本完好。其中3号龛较能代表唐代造像特色。该龛造像10尊，主像为佛，居中，坐高1米；身躯厚重，着广袖褒衣，斜尖领，衣褶简洁朴素；面部略平，颐颊饱满；左手按膝，右手上举作说法状；静穆安详，结跏跌坐于平台金刚座上。台座两侧置护法狮子，作卧伏状。佛左右为摩诃迦叶、阿难陀二弟子，均圆领袈裟，面向主付，合掌而立。迦叶高鼻梁，深眼窝，络腮，卷胡须，眉脊、颧骨突起，形态严谨持重；阿难秃头、胖脸，形态虔诚温顺。弟子左右为二菩萨。右首菩萨脸庞丰满圆润，体态丰腴健美；右臂上曲偎胸，似持拂尘(腕已残)，左臂下垂，手提净瓶；头绾高髻，上饰花蔓，当为观世音特征。右首菩萨身材苗条，身躯微扭，头颈略斜，含蓄端庄，仪态文静优美。菩萨两侧为金刚力士，头盔脚靴，鼻高目深，神态严肃。再两旁为三供养人，均着俗服，双手合十，赤足而立。整龛进深虽浅，刻工也偏粗，但迦叶与金刚力士造型明显受西域造型艺术影响。,,免费开放,文物古迹,3.5,5,10,40,60
49,桂林艺术馆,解放西路15,,25.285478,110.298286,1,6,广西省立艺术馆（即桂林艺术馆）是著名戏剧家欧阳予倩 先生于1944年初为发展抗战戏剧运动而筹建的。如今，引进台资，对内部进行了全面现代装修，并取名“豪华宫”，宫内添置了冷暖空调，装饰富丽堂煌，处处焕发着时代精神。大厅高雅脱俗，可同时设宴接待300余人，并设置了大、中、小包厢和卡座共十几个，特别适合小型招待、洽谈业务。大厅撤出席面后即是大小两个震颤迪斯科舞池。,,免费开放,文学艺术,,1,1,83,24
50,能仁禅寺,桂林市中心,,25.285778,110.293007,1,6,"能仁禅寺地处桂林市中心，占地面积1800平方米，在桂林市四个道扬中是规模较大的寺院之一，现有常住人员12人。能仁禅寺用地政策的落实和寺院维修工作，得到海内外高僧大德和中国佛教协会赵朴初长大力支持。赵朴老于1988年5月专门就恢复桂林市佛教寺院问题致函广西壮族自治区党政负责人，极大地促进了桂林市能仁禅寺落实宗教政策工作。
始建于梁天监二年（503），距今已1400多年。唐代兴盛佛教，德宗时翰林学士陆贽舍宅筑基，名福业院，后改称报国院。
能仁禅寺的修建工程自1980年10月正式开工。1995年4月告竣开光。
1996年10月10-15日，中国佛教协会副会长净慧法师来桂林访问、弘法，并在当年太虚大师两度讲经说法的能仁禅寺大雄宝殿为桂林、南宁二地数百位信众开示《佛教的正信与正行》 。1997年，能仁禅寺将原砖木结构的观音殿改建为钢筋混凝土结构的两层综合殿堂。
能仁禅寺现在的大雄宝殿坐西朝东，占用面积约500平方米，建筑主体部分还是当年道安法师主持修建的，经过近60年的风风雨雨至今已经显得很陈旧了，雨天屋面滴漏严重，补不胜补。能仁禅寺常住决定在1999年重建大雄宝殿，并继续呼吁政府进一步解决“老、大、难”问题，争取早日收回被占用的弥勒殿和山门土地使用权，使能仁禅寺以新的姿态进入21世纪。
能仁禅寺现任方丈为从法法师，64岁，原籍桂林人，1944年出家。兼任桂林市佛教协会副会长，桂林市人大委员，广西自治区佛教协会常务委员。现任监院为释宝志，34岁，原籍广西蒙山人，1988年出家，毕业于闽南佛学院。兼任桂林市佛教协会秘书长，桂林市青年联合会委员。",,10元/人,古典园林,,,5,45,0
51,伏波山,"桂林市秀峰区
滨江路",8:30-16:30,25.289637,110.310387,1,6,有人说，桂林的山很奇特，奇特之处在于它的多、它的秀、它的青、它的美，还在于这些山本身蕴藏 着丰富的内涵：有的文物云集，有的国魂永存；有的见证历史，有的富于传奇。故而清代陈元龙说：“看山如观画，游山如读史。” 桂林景点之伏波山位于桂林市中心偏北部、漓江西岸，山势陡峭。在下面仰望，给人一种压迫感。说到伏波山山名的由来，人们说每当漓江发大水时，汹涌而来的江水到了伏波山时却平和了下来，仿佛是因它临江而立、半插江浒；由于有“伏波平浪”的说法，故称伏波山。也有人说是因为唐代至清代，山上建有纪念东汉年间伏波将军马援的新息侯祠，以其名号给山命名。内含景点：公主钟亭、千人锅、还珠洞、试剑石、摩崖石刻、宋刻道教造像等,,30元/人,地文景观,4,164,4,60,30
52,虞山,"桂林市叠彩区
中山北路70号",7：30－18：00,25.306066,110.306733,1,6,"虞山公园位于桂林城北，因园内虞山，虞帝庙而得名。园美庙灵、山奇洞幽，规划面积1．2万平方米，是桂林市最美、最大的仿古园林，也是桂林山水游览的开山地和桂林历史的渊源地。虞山突兀矗立，林木苍翠，环境幽谧。山的西麓，韶音洞贯穿南北，悠风习习，与皇泽湾的淙淙流水和洞口阵阵林涛，交织成韵，有如韶乐。 “舜洞薰风”为桂林著名老八景之一。主要景点有虞帝庙、怡沁园、三绝碑、五福塔、闻韶楼、韵音洞、九重天、美泉宫等。
虞山历史悠久，人文景观众多，历史文化积淀丰厚。相传四千多年前，华厦文明始祖之一的虞帝南巡曾到这里，秦人立碑纪念，延续至今已有二千多年历史。这座桂林最早的庙宇，古往今来祭祀虞帝者络绎不绝．被视为桂林的福地。虞山现存古代碑65件，其中以唐代韩云卿撰文，韩秀石手书、李阳冰篆刻的《舜庙碑》和宋代著名理学家朱熹的《靖江府新作虞帝庙》最为珍贵。在虞山东麓崖上镌刻的一座距今1400多年的观音像更给公园增添了神采。
虞山公园整体大而又细致，细节精巧雅致，其造园手法别具一格，风格独树一帜，传统与现代结合，东方和西方相兼容。公园可分南北两个景区，南园景区主体气势恢弘，而北园景区充满现代气息。 
北园给人一种现代感，有灵动的泉水和飞流直下的瀑布，周围绿草茵茵，花园环绕，晚上在现代设施的映衬下更加妩媚美丽。
南园突出一种人文感觉。在虞帝庙的遗址上，公园又重新恢复新建了虞帝庙，其背后即为虞山，浑然天成；五福塔（以中国传统吉语“五福临门”命名）金碧辉煌，塔内设有“平安钟”以祈福国泰民安；“九重天”是由三个大理石雕凿而成，给人以平步青云之感；集雅园收集了园内的奇石珍品供游人观赏；“曲水流觞”妙趣横生；怡沁园巧夺天工的假山叠石栩栩如生；还有回音壁，两人世界、智者、闻韶楼、南薰亭等众多景点。",,35元/人,地文景观,3.5,,6,60,30
53,叠彩山,桂林市区东北部,旺季（4月~11月）：06:00~18:30、淡季（12月~3月）：07:00~18:00,25.295661,110.310187,1,6,"叠彩山 旧名桂山，位于桂林市区东北部，滨临漓江。叠彩山与城中的独秀峰、 
漓江畔的伏波山鼎足而立，同为城内的游览胜地。叠彩山占地面积约2平方公里，由明月峰、仙鹤峰和四望山、于越山组成，横亘市区，景色优美，又易于攀登，为桂林山景中的一个热点。山中佳景甚多，有叠彩亭、于越阁、瞿张二公成仁碑、仰止堂、仙鹤洞、风洞、叠彩楼、望江亭和拿云亭等名胜。山上历代名人的摩崖石刻尤多，为文物的精华。若登上明月峰，驻足拿云亭，全城景色画书眼底。“一面晴风四面山，望疑仙境在人间”。叠彩山名，是由唐朝元稹的侄子元晦游览了叠彩山之后，写了篇《叠彩山记》，记中说：“按图经，山以石文横布，彩翠相间，若叠彩然，故以为名。”叠彩山山石如锦彩绸缎，层层相叠而得名。在清朝文人秦焕创建的叠彩亭的右角，看明月峰横断的崖壁，若“彩翠相间”的锦缎。这里是摄影“叠彩”的最佳角度。
叠彩山由于越山、四望山与明月峰、仙鹤峰组成，是观赏城区全景最佳处。明月峰为叠彩山的主峰，海拔223米，相对高度73米。最高的仙鹤峰海拔253．6米，相对高度101米，总面积10.8公顷，位于明月峰与于越山山谷之间的叠彩琼楼今用作蝴蝶馆，其间，万蝶飞舞，蔚为壮观，琼楼内的叠彩蝴蝶馆，为我国较大的蝴蝶馆之一，分三个陈列室，展出300多种、2000多只蝴蝶标本，并设有珍稀蝴蝶展厅，展出世界名蝶10余种，中国名蝶20余种，有许多属于国家一、二级保护类。参观叠彩蝴蝶馆，进入色彩其妙的世界，不但能获得美的享受，同时还可了解许多有关蝴蝶的科普知识。表现出“回归大自然，展现生命美”的主题文化。叠彩山山势东行，“前拔起，次宛转，后a佟保连绵起伏，嵯峨峻秀，呈三叠式景观特征，有如一组美好的乐章，由低潮引向高潮，由静美扩展为动美、壮美。山上不仅藤悬绝壁，树裂苍岩，木叶密茂，翠覆重峦，且胜迹甚多。山间有正气凛然的仰止堂，“清凉世界”的风洞，揽山水之秀色的望江亭、迎风楼，山麓有木龙古渡、鹤洞，山顶有摩天的白鹤洞、拿云亭等。1000多年来，叠彩山被誉为江山会景之地，招引了无数游人登临，留下许多珍贵的题刻。 内含：仰仁堂、望江亭、瞿张成仁处碑、叠彩北牖洞、叠彩太极洞、迎风楼、明月峰、四望山、仙鹤峰、环碧园、于越亭、康岩，素洞、 叠彩岩、销忧亭、木龙洞、木龙古塔、江山会景处、风洞、拿云亭 等景点",,35元/人,地文景观,4.5,489,11,65,35
54,象鼻山,桂林市象山区民主路,07:00-18:00,25.273339,110.302423,1,6,"象山公园位于桂林城南漓江西岸，在漓江与桃花江的汇流处，占地面积11．80公顷。象山原名仪山、漓山、沉水山。又因山东端的水月洞有如象鼻，整个山形酷似一头驻足漓江边临流饮水的大象，故称象鼻山，简称象山。象山海拔220米，高出水面55米，由3．6亿年前海底沉积的纯石灰岩组成。其山孤拔陡峭，岩石古苍，崖间藤萝攀援，山榕依附。这里历来为旅游胜地，其旖旎的风光，神奇的形象，动人的传说，不知倾倒了多少文人雅士。象山以其栩栩如生的形象引人人胜，被人们看做桂林山水的代表，桂林城的象征，桂林市的城徽中心图案就是象山。 
象山公园以象鼻山为主体，位于市内桃花江注入漓江处，滨江路的南端，因其山形酷似一头巨象临江汲水而得名。象鼻山海拔200米，高出江面55米，长108米，宽100米，山体占地1.3万平方米，由3.6亿年前的石灰岩组成，主要景点有水月洞、象鼻岩、象眼岩、普贤塔、云峰寺以及舍利塔。象山公园地处广西桂林市中心的漓江与桃花江汇流处，占地面积2.99公顷，园内自然山水与人文景观交相辉映，山、水、洞、岛、亭、台、坪、径、文物、古迹相映成画，美不胜收，令人心驰神往。
象山以其栩栩如生的形象引人入胜，被人们看着桂林山水的代表，桂林景点之首，桂林城的象征，桂林市的城徽中心图案就是象山。
著名景点有：象鼻山、水月洞、岩口、象眼岩、普贤塔、云峰寺、舍利塔、云崖轩、訾洲烟雨",,75元/人,地文景观,4,,4,75,75
55,南溪山公园,"桂林市象山区
中山南路2号",8：30～17：30,25.256327,110.29415,1,6,"南溪山公园在桂林市区南面的将军桥头，离火车站约1公里，因南溪萦绕而得名。它有东西两峰，彼此并列，耸拔千尺，北面有峭壁，其山石洁白。雨后天晴，云雾初散，阳光照映在山石上，会反射出耀眼的光彩。在古代“南溪新霁”就是桂林八景之一。南溪山洞多而奇，以北面的白龙洞最为著名。它洞口高敞开阔，好像一间高大的石屋，石壁白色，有一石乳下垂，极似龙头，所以叫作白龙洞。洞内有双狮石、玉笋迎春、白龙吐珠等奇景。出白龙洞右行，便到玄岩，这是一个由钟乳石组成的丰富多彩的画廊。此洞分成两道。右道可到穿云岩，该洞岩道较短，常有云雾穿门，岩口有不少珍贵的石刻。
内著名景点有：南溪山、白龙桥、白龙洞",,65元/人,地文景观,4,,8,75,65
56,甑皮岩古人类洞穴遗址,桂林市区南面独山之西南麓,上午9时至12时，下午2时半至5时,24.75,110.493,1,6,"甑皮岩古人类遗址位于桂林市区南面独山之西南麓,是目前中国发现人类居住时间跨度最长的新石器时代洞穴遗址。最早在距今约一万二千年前就开始有古人类在此居住，直至宋代仍有人在此生活。在一万多年的漫长岁月中，桂林先民在这不到400平方米的洞穴里留下了丰厚的文化堆积。
    经过1973年及2001年两次的科学发掘，出土了大量的石器、陶器（片）、骨器、石丰骨、角器等生产生活用具及三十多具人骨和成千上万件动物骨骼。甑皮岩遗址是目前中国出土文物最丰富的新石器时代洞穴遗址。其中，素面夹砂原始陶器和屈肢蹲葬的发现最令中外史前考古界瞩目。2001年，甑皮岩遗址被国务院公布为全国重点文物保护单位，是目前岭南地区保护级别最高的新石器时代洞穴遗址。",,15元/人,文物古迹,,,1,100,80
57,桂林园林植物园,"桂林市象山区
环城西一路206号",07:30―18:00,25.260731,110.288041,1,6,"1996年改建为桂林市黑山植物园。2005年10月市政府启动黑山生态园建设，投入资金6000多万元。2008年7月完成一期工程建设并免费向市民开放，正式定名为桂林园林植物园。
2012年3月，经桂林园林局同意，桂林市物价局批准，桂林园林植物园门票定价为55元人民币/人/次。　 植物园是植物收集植物种类，用以保护、研究、展示、教育的场所。现代植物园的地位和作用从最初的教学、药用、猎奇到后来的资源搜集、展示、保护、利用、教育、游憩等功能，迄今为止形成保护植物就是保护人类自己的理念。植物园是植物多样性的保护基地，是社会可持续发展的重要物质源泉，是一个国家科学、文明程度的标志，是进行环境教育、提高公民环境意识的基地，是陶冶情操、提高公民素质的乐园。植物园寓教育于休闲游憩中，常成为一个城市独特的风景线，是社会、人与自然和谐发展的缩影。
内含景点：桂花博览园、珍稀植物园、棕榈园、榕树园、木兰园、茶花园、百花舞台、 欧洲花园、银杏园、樱花园（日本园）、梅园",,35元/人,古典园林,4.5,64,3,60,35
58,李宗仁官邸,"桂林市象山区
文明路4号",08：30～17：30,25.27752,110.299823,1,6,"李宗仁(1891―1969)，广西桂林人，新桂系首领，北伐期间任国民革命军七军军长，屡建战功；抗日战争时期，因指挥了著名的台儿庄战役而赢得声誉。1948年，不顾蒋介石的阻拦，参加副总统竞选，被选为副总统，次年任代总统。广西解放前夕，他与蒋介石分道扬镳，赴美定居，1965年毅然归国，是中国现代史上一位极具影响的人物。
李宗仁官邸系全国重点文物保护单位，位于桂林市文明路16号，风景秀丽的杉湖南畔，与双塔相傍，这座“桂林总统府”建于二十世纪四十年代，属中西合璧的别墅式建筑，坐西朝东，以威严、气派的主楼为中心，四周配建副官楼、警卫室、附楼、花园、停车坪等，占地4000多平方米。1948年4月至1949年11月，李宗仁返桂在此居住。1966年3月14日，李宗仁先生重返官邸。
李宗仁官邸位于桂林市风景秀丽的杉湖南畔，与双塔相傍，位于桂林市文明路16号。这座“桂林总统府”建于二十世纪四十年代，属中西合璧的别墅式建筑。主楼坐西朝东，为砖木结构二层楼房，建筑面积818平方米。一楼有警卫室、客厅、秘书室；二楼有会议室、书房、卧室等。官邸紧靠杉湖南岸，环境优雅。原围墙、主楼、副楼、副官及厨用平房保持完好，楼内还保存壁炉、澡盆等遗物。
官邸是1948年李宗仁任副总统后由广西省政府所建。1948年下半年至1949年10月李宗仁回桂期间曾在此居住和办公，接见国民党军政要员，召集桂系上层人物举行重要会议，并在此接见过广西大学请愿学生代表，听取桂系上层人士“和谈”进言，接受《重开和平谈判意见书》，拟定当时影响颇大的《李代总统同居正、阎锡山、李文范三委员谈话记录》。1966年，海外归来的李宗仁先生在这里又故地重游。官邸于1991年8月辟为李宗仁先生文物史料陈列馆，现已成为桂林著名的旅游点。",,10元/人,文物古迹,4,38,10,60,10
59,七星公园,"桂林市七星区
七星路1号",旺季6：00-19：30；淡季6：30-19：00,25.280833,110.317862,1,6,"七星公园是桂林市最大的综合性公园，位于桂林市区漓江东岸，距市中心1.5公里，总面积137.4公顷。园内自然景观和人文景观相结合，整个公园汇集了山、水、洞、石、庭园、建筑、文物的精华，还包括了一个动物园在其中，是桂林公园的杰作。从天空上俯瞰，七星公园的七座山头就像天上的北斗七星，前面有三座山峰，像斗柄，叫“月牙山”；北面有四座山峰，像斗勺，叫“普陀山”。两山七峰，好像天山的“北斗七星”，合称“七星山”。七星公园和七星岩也因此而得名。除了享有盛名的七星岩以外，里面还有国家级重点文物保护单位――桂海碑林博物馆。著名景点有：“北斗七星”、“花桥虹影”、“月牙仙境”、“龙隐奇迹”’、“普陀石林”、“栖霞真境”、“壶山赤霞”、“桂海碑林”、“华夏之光”、“盆景艺苑”等。整个公园环境优美、空旷开阔，早在隋唐时代已成为游览胜地。邓小平、克林顿等许多中外名人、政府首脑曾到过公园内参观游览。七星公园共有四个门，您参观游览的时候可尽量不走回头路，合理安排线路。
七星公园 - 现代城市公园拥有多样化的生态环境及服务设施,具有休闲游憩、旅游观光等多种功能。
七星景区位于桂林漓江东岸，漓江支流小东江畔，距市区1.5公里，因七星山七星岩而得名，是桂林市最大的综合性的生态景区，占地面积约134.7公顷，集山青、水秀、洞奇、石美于斯，俨然成为桂林山水的缩影，自隋唐时期起就已成为游览胜地，如今更成为世界旅游组织推荐景区、中国首批AAAA级景区、国家重点名胜风景区、桂林的核心景区，并通过了ISO14001国际环境管理体系和ISO9001国际质量管理体系认证。此外，一千多年以来，中国四大宗教信仰佛教、道教、伊斯兰教、儒家学说曾先后影响过景区，给这里印下了鲜明的宗教文化烙印，赋予了景区独特的“宗教四合一”的魅力。
公园内有“北斗七星”、“驼峰赤霞”、“月牙虹影”、“普陀石林”等胜景， 占有山、江、洞、石之美。著名景点有七星岩、龙隐洞、月牙岩、曾公岩、骆驼山、龙隐岩和花桥、月牙楼、儿童乐园、动物园、三将军及八百壮士墓、清真寺、盆景艺苑、桂海碑林等。 
1998年，美国总统克林顿访华时，曾在骆驼峰脚下发表环保演说。桂梅碑林共有石刻200余件，内容涉及政治、经济、军事、文化、民俗等，形式有诗、文、歌、赋、对联、图像等；书体有楷、草、隶、篆等。其中最为著名的是《元佑党籍碑》，据史料记载，为排除异己，宋宰相蔡京曾将司马光、苏轼等300余人列为元佑党，宋徽宗下令全国刻石立碑为记，次年又下诏尽毁，龙隐岩这块碑是全国仅存最完整的一块，是宋代党争的见证，也是一件历史珍宝。",,75元/人,古典园林,4,,3,75,75
60,穿山公园,桂林城南郊,"夏季：7：30――18：00
平时：8：00――17：30",25.258767,110.309669,1,6,"穿山公园位于桂林城南郊，以穿山为轴心，占地面积约2平方公里，是桂林市山水旖旎的公园之一。，山顶有明代寿佛塔。小东江在两山之间蜿蜒流过，山倒影江中，景色尤佳。穿山有月岩、穿岩。月岩位于山腰，洞穿山壁，高广空明，宛如月宫仙境，站在洞中南北远眺，但见漓水蜿蜒，风光无限。穿岩位于山底，长500余米，洞内除石钟乳外，尚有罕见的透明结晶体--石枝、鹅管等，为岩溶地貌奇景。穿岩是桂林开放的第三个大型溶洞。
穿山在市区东南、七星区西南的小东江东岸，距市中心3.5公里，海拔224米，相对高度94米，面积25.25公顷。穿山5峰逶迤，状若雄鸡，西东为首尾，南北为两翼，中峰为背，西峰上的月岩，恰是鸡的眼睛，与隔江的龟山，犹两鸡相斗，栩栩如生，合称""斗鸡山""。明孔镛有""巧石如鸡欲斗时，昂冠相距水东西。红罗缠颈何曾见，老杀青山不敢啼""之句。又5峰耸立，形如笔架，亦有""笔架山""之谓。西峰上有洞，分上下两层，下层南北贯通，高9米，宽13.3米，长31米，如当空皓月，宋称月岩，或题为""空明""，故又有空明山之名。明俞安期诗云：""穿石映圆辉，明明月轮上，树影挂横斜，还如桂枝长。""
穿山之东有宝塔山。远在100万年前，两山原为一体，地球造山运动把二者分离了。如今，小东江在两山间缓缓南流，像一条带子仍然把它们紧紧系在一起。初升的旭日，以金辉洒布穿山、塔山和象山之上，构成""三山晨曦""诗境，给一日之计以无限活力。
内含景点：穿山、穿山岩、月岩、塔山",,65元/人,古典园林,4,61,10,60,65
61,尧山,桂林市七星区,8：30―18：00,25.298336,110.376279,1,6,"尧山的由来
山势大致南北延伸，高大雄浑，状如伏牛，俗名牛山。尧山山体断层自两亿年前的印支运动，7000万年前的燕山运动及200万年前的喜马拉雅运动中，尧山不断地推向高处，成为桂林群山的最高峰。远云16～8亿年前，尧山原为海底，约在4亿年前的广西运动抬升为陆地，其后又降为浅海, 3.6亿年前再由砂岩与页岩组成，经亿万年来, 以物理风化为主，岩体缓慢地破坏，形成平缓的“土山”， 至今表层的碎屑堆积物仍留存在山坡与山麓。
尧山的特色
尧山以变幻莫测、绚丽多彩的四时景致闻名于世，被淮为欣赏桂林山水的最佳去处。尧山还是一个风水宝地，有全国保存最完整的明代藩王墓群靖江王陵，规模宏大辉煌，在此出土的梅瓶名扬四海。
地理位置
尧山在桂林市东北，桂林市东北与灵川县接壤即以尧山为分界线。",,尧山大索道上行80元 下行60元 往返120元；石人索道上行40元 下行30元 往返60元；红枫索道上行40元 下行30元 往返60元；滑道4段30元 电车单程10元,地文景观,4.5,,5,240,95
62,靖江王陵,桂林市七星区,全天,25.296557,110.370743,1,6,靖江王陵是历代靖江王的王陵，位于广西桂林市区七星区东郊尧山西南麓，南北15公里，东西7公里，共有王亲藩戚墓葬300多座。整个陵园规模庞大、气势磅礴，有“北有十三皇陵，南有靖江皇陵”之称，其中有11人葬尧山，有“靖江王11陵”之谓。,,40元/人,历史遗址,4,34,8,45,20
63,訾洲公园,"桂林市七星区
穿山路",08:00-17:30,25.279591,110.31092,1,6,"訾洲，因唐代洲上曾有訾姓人家住而得名。洲呈条形如舟浮水中，又称浮洲，漓水环绕，群山环绕，群山簇拥，东靠普陀，月牙，西对象山，南接穿山，塔山，备有伏波，叠彩，斗鸡，南溪、独秀、尧山视野可及。每到秋天，洲上苍翠之中红黄秋叶翩翩，訾洲红叶桂林秋为桂林胜景。在烟雨弥漫的时节，云纱雾幔，訾洲笼罩在一片朦胧之中，岚雾缭绕，洲岛隐约可见，或淡或浓，犹如一幅水墨画卷，充满诗情画意，訾洲烟雨是桂林著名的老八景之一。
訾洲风景开拓历史悠久，唐代和二十年（817年），桂州刺史兼桂观察使裴行立在洲上建燕亭。立飞阁、植花木，开桂林山水园林整体规划开发建设先河。唐代著名思想家、文学家柳宗元应邀登洲游览时，作名篇《訾洲亭记》，详绘訾洲秀丽景色，盛赞“桂州多灵山”，发地峭竖，林立四野，给予了桂林山水极高的评价；“环山回江”，四如一出，夸奇竞秀，咸不相让，遍行天下者，唯是得之。今是厅之胜，甲于天下，则把甲天下与桂林联系在一起的早评说。
訾洲公园位于桂林市区中心漓江东岸水滨的訾洲上，和象山隔江相望，是桂林最年轻,又是最古老的公园。这里江山会景，人文荟萃，浓缩了桂林山水及历史文化的精华，是一个集生态、文化、旅游、休闲为一体的综合性公园。
訾洲是漓江上最著名的一座绿洲，它位于桂林城东漓江与漓江叉河之间，訾洲碧水环绕，群山簇拥，每到秋天，洲上苍翠之中，红黄秋叶翩翩，“訾洲红叶桂林秋”为桂林胜景。远山如画，近水涵碧，日升雾起，最美是在烟雨迷魇苯冢云纱雾幔，訾洲笼罩在一片朦胧之中，江上烟波浩渺，群山若隐若现，浮云穿行于奇峰之间，雨幕似轻纱笼罩江山之上，像一幅幅千姿百态的泼墨水彩画。自古以来，訾洲烟雨就被 列为桂林八景之一，排名第二位。
訾洲风景开拓历史悠久，是桂林有史可考的最早的园林遗址。自古以来訾洲即为文人墨客驻留隔江观象之圣地。公园在2011年的春节建成开园，公园内新开烟雨湖，建有名人与桂林展览馆、诗画广场、烟雨楼、雅竹居、幽兰轩、怡闲馆、訾家洲亭、燕亭、流芳亭等风景建筑，设置柳宗元、裴立行、范成大、张孝祥等历史名人雕像，恢复了“訾洲烟雨”和“訾洲红叶桂林秋”的胜景，形成了飞瀑落虹、诗画汗青、枫叶留丹、烟雨涵碧、竹林清境、香樟拥翠、幽篁伞盖、银杏淌金、碑亭流芳、江山水月等10个新景观，佳木葱茏，翠竹摇风，境地清幽，是市民新的休闲娱乐健身好去处，也成为中外游客游览桂林山水、领略桂林文化的旅游新亮点",,35元/人,古典园林,4.5,10,2,60,30
64,桂林神龙水世界,广西省桂林市雁山区草坪乡潜经村委兰口村,08:30--17:30,25.090089,110.457331,1,5,"桂林旅游发展总公司的桂林旅游发展投资有限责任公司将漓江东岸做为近年业务发展的重点区域，并提出“动感东岸，乐活天堂”的宣传口号，将漓江东岸规划建设成为桂林全新的旅游新区。
投资公司在动感东岸的全局规划下包装打造神龙水世界。景区以水文化、古龙文化、访古探胜为游览主题。拥有原始水利文化、夏威夷式的激情泉水、自然养生的泉水SPA等各类水文化项目，心随自然的概念度假木屋、乡村特色的农家生活以及植物养生气场、滑草场、溜溜龙水滑道等众多游乐项目。
神龙水世界内山光水色的绝色美景，繁多珍贵植被带来的清新空气。　独特休闲的娱乐设施，让她成为桂林新型的综合性旅游休闲圣地，成为游客聚会养生休闲的旅游花园会所。",,50元/人。 A.免票政策：儿童身高1.2米以下免费。 B.优惠政策：儿童身高1.2―1.4米购景区优惠票；残疾人持残疾证购景区优惠票,现代设施,3.5,,9,65,20
65,金银寨景区,广西省桂林市雁山区大埠路口金银寨景区,8:00―17:00,25.041304,110.32843,1,5,"雁山金银寨景区是阳朔蝴蝶泉的旅游联合体，是蝴蝶泉基金能过去侗苗文化的延伸，蝴蝶泉主打的是侗族文化，而金银寨则是推介苗族文化的。为丰富旅游产品，发掘民族文化，金银寨景区特从贵州从江县丙妹镇月亮山麓丛林中岜沙苗寨请来短裙苗，展示他们的古老民族文化，头饰，服饰及他们独特的医药以满足国内外游客对这一古老民族文化的了解。
苗族人口740万，常年生活在边远山区，与大自然亲密接触，依山而居，傍水而息，行成自然文化遗产及医疗秘方。金庸武侠小说中多有苗人放蛊一说，其实就是苗人千百年来生活在深山老林总结出的自己疗病秘方而已。
由短裙苗姑娘，小伙子现场演绎锦鸡舞及民族服饰表演，绚丽的服饰，原始的表演，只有金银寨一家，别无分店。苗族仿岜沙人居住地而建，参访苗寨可观赏他们古老的祭树仪式，镰刀剃头等生活习俗，岜沙苗寨的男人尚就好斗，上古遗风犹存，佩腰刀，挂火枪是男人威武的象征，经过公安机关批准成为中国最后一个准许携带枪支的民族，而岜沙苗寨也被中国国家地理杂志评为中国最后的枪手部落。",,50元/人,民俗风情,3.5,14,6,75,50
66,冠岩,广西桂林市雁山区草坪回族自治乡桂林漓江冠岩景区,"8:00―18:00
售票时间：8:00-16:30",25.067384,110.446195,1,5,"冠岩，位于距桂林市29公里的漓江中段，一个具有千年人文历史的地下溶洞，前因洞内泉水甘洌而名""甘岩""，后因其山外形如朝冠而更名""冠岩""。 早在公元1637年，徐霞客就慕名前来，成为冠岩第一个探洞名人，其在《徐霞客游记》中详细记载了冠岩，""冠岩""之名便因他而得。桂林有史料记载的最早的地方志《桂林风土记》也对冠岩作了记载，可见冠岩是桂林诸岩中最早出名的观赏岩洞之一。 从草坪便可乘坐观光滑车穿过一片乡土景色的田野，便可直抵冠岩洞内。或步行到半山的青云梯乘观光电梯直入洞内，走过一段景观奇异的洞穴，来到地下曲桥，可以在此凭栏听涛。来到洞内深潭瀑布，这里水声轰然，巨大的水幕斜铺而下，直落深潭。走过瀑布，曲桥后面，便到了地下河码头，游客可在此乘上轻舟，沿着幽暗的地下河往那未知的前方而去，只凭手中的一盏小灯照看那千百怪的地下河岩。
船停靠在一个如井底的潭边，抬头可见上方是一个气势恢宏的钟乳大厅，洞顶皑皑如千里冰封、万里雪飘的原野，一派开阔壮丽的景象。从一串陡长的石阶往上走，到达大厅的中央，这里有着大型的钟乳石柱，形如热带雨林中大棕榈树，乃命名为棕榈大厅。此大厅正是冠岩景致最为集中而壮观的地方。从棕榈大厅往下走，来到了地下有轨电车站，乘上小电车，穿入一条长长的地下峡谷，峡谷高大而深邃，上下峭壁悬垂，危岩若坠，神似长江三峡，故名""小三峡""，电车到站，再走上洞中旱路，一路曲折幽幻，钟乳不绝，塑成了一组组天然的雕塑，有仙女寝宫、孔雀倒挂、癞蛤蟆吃仙桃、人熊对话、弥勒大佛、北国风光、热带雨林、雄鹰展翅、海底鲨鱼。更多的美景只能靠人去想象，无法用笔墨形容。 冠岩自然景观、田园风光及风土人情独具特色。冠岩景区从1992年由桂林市漓江游览开发总公司投资开发至今已拥有冠岩地下河游览区、乡吧岛地景艺术园、电动观光管轨车、重力管轨车、冠岩飞索、云雾山庄、冠岩饭店等旅游项目及配套设施，形成了以冠岩地下河为中心的集旅游观光、会议疗养、食宿娱光为一体的大型综合游览区。 2000年，经上海大世界基尼斯总部评定，冠岩景区所属冠岩溶洞与电动观光管轨车双双荣获了大世界基尼斯纪录。因此，在冠岩风景区，可以说是""花一天时间，就能游览两项大世界基尼斯纪录""。2002年2月，漓江冠岩景区又以各方面的综合优势而被评为国家AAAA级旅游景区。现在的漓江冠岩景区，正以其多层面的无穷魅力，吸引着一批又一批的中外游客，成为桂林市最著名的旅游景区之一。",,80元/人,地文景观,4.5,,11,120,80
67,桂林园博园,广西壮族自治区桂林市雁山镇,09:00―18:00(17:00停止售票),25.066248,110.31577,1,5,"桂林园博园位于桂林市南部的雁山区，雁山镇桂阳公路东侧，是桂林到阳朔的必经之路，园区总面积79.65公顷，其中建筑面积约51670平米，水体面积约12.3公顷，绿地面积约50.55公顷。2012年第二届广西（桂林）园林园艺博览会在这里成功举办。
园址处于桂林山水绝佳处，其主题定位为“山水园林，秀甲天下”，园区遵循自然与人文、传统与现代、生态与城市相融相存的原则，充分展示现代广西园林园艺事业发展水平，并努力建设成一流的“绿色园博、生态园博、人文园博、和谐园博”的现代科技生态园区。
园博园在园区南部增设园博大道，将桂阳公路与园博园主入口相连，大气而美观，整个园区景观轴线明确，景观层次丰富。园区可分为“一水二路三门五房九桥十四园”的格局，通过这些景点，充分展现出广西园林园艺的特色。
桂林园博园的建成，必将成为市民新的休闲娱乐健身好去处，也将成为中外游客游览广西山水、领略广西文化的旅游新亮点。",,"120元/人。A.免票政策：儿童身高1.2米以下【不含1.2米】免大门票；现役军人持军官证、70周岁以上【含70周岁】持广西老年证免大门票。 
B.优惠政策：60至69周岁之间老人持广西老年证、学生持学生证购景区优惠大门票",古典园林,4,43,4,90,120
68,桂林植物园,雁山区雁山街,,25.083653,110.311518,1,5,"桂林植物园简介
桂林植物园隶属广西壮族自治区、中国科学院广西桂林植物研究所，位于广西壮族自治区桂林雁山镇。桂林植物园始建于1958年，占地73公顷，是中国科学院领导建立的植物园之一，也是我国建立较早、影响较大的植物园之一。
桂林植物园地处亚热带特殊的地理位置，独特的气候孕育了丰富的植物资源。同时，桂林又是一座著名的旅游和环保城市，每年都有大量的中外游人前来桂林旅游观光。桂林植物园位于桂林――阳朔旅游黄金航道上，因而在植物园内开展科技教育和科普旅游具备独有的地域优势。
桂林植物园特色
植物园根据园内的景区布局和游人的实际情况安排科普内容，有专业人员介绍植物在人们的日常生活（包括衣食住行、保健、医疗、园林绿化等）中的重要作用，并以通俗易懂的语言介绍植物分类和植物进化以及生态平衡、环境保护和生物多样性等方面的知识，向人们宣传人与自然和谐相处、共同发展的科学思想，普及科学知识，传播科学文化，让人们逐步了解丰富多彩的植物世界，了解人类的生存与发展和植物之间的密切关系，提高人们热爱自然、保护环境的意识。　
园内广泛收集世界各地及国内部分省区的植物，共2100多种! 其中有研究价值较高的银杉，金花茶，有特种经济植物八角、苦丁茶、还有许多药用植物和观赏植物，尤其引人注目的是美国总统尼克松送给我国象征友谊的北美红杉和久负盛名的“雁山四宝”，方竹、红豆、丹桂、绿梅。
此外，该园的植物标本馆有馆藏标本40多万份，数量位居华南、华中第二位，收集的植物标本以产于广  西及邻近省区的植物为主，丰富的石山植物标本是该园标本馆的主要特色之一。桂林植物园内花木繁茂，空气清新，优美的环境中迷漫着大自然的气息，丰富多彩的植物王国充满了奇趣与神秘，是理想的科普教育基地，也是休闲度假、观光旅游的理想场所。",,20元/人,古典园林,4.5,40,5,40,20
69,龙门瀑布景区,广西桂林市灵川县青狮潭镇东源村委畔头村旁,07:00-19:00,25.717738,110.221063,1,7,"龙门瀑布景区位于桂林灵川东江源头，距桂林55公里，车程1小时左右。 　　
龙门瀑布是由多级瀑布汇集而成的瀑布群，景区内原始森林、藤蔓缠绕、万顷竹海、苍翠欲滴、青山连绵、泉水清澈如碧。
沿溪流而上，峡谷幽深、曲折迂回，一 条瀑布沿着山涧飞奔而下，水流集中下注入潭溅起层层水雾浪花，像春天细雨朦朦胧胧，如明代旅行家徐霞客描写的那样：“悬崖飞瀑，长如布，转如倾，匀成帘”。又如王羲之的《兰亭序》描写的那样：此地有崇山峻岭，茂林修竹，清流急湍。。。。。。溪流纵横，鸟语花香，鱼虫欢唱，百十余种野生蝴蝶出没期间。",,45元/人,水域风光,3.5,6,2,60,45
70,古东瀑布,广西壮族自治区桂林市灵川县大圩古镇古东瀑布,,25.113984,110.461771,1,7,"古东瀑布是以地下涌泉汇集形成的多极串连瀑布，瀑布比漓江水位还高180米，尚能喷涌。是中国唯一一个由地下涌泉形成的多级串连瀑布；是一个因钙活化沉积作用可逐渐长高而改变景致的瀑布；九级瀑布形态各异，有的如鸳鸯戏水，有的如蛟龙喷水，有的在长满青苔的岩壁上，瀑水如布，水纹清晰可鉴，呈白色透明状，犹如喷雾行云；有的水流集中下注，跌入深潭溅起层层水雾浪花，犹如细雨蒙蒙，瀑布两岸林木葱郁，荫蔽幽静，水质清洌透明，凉爽甘甜。
古东森林瀑布山脚下亚热带――热带雨林浓郁，藤曼垂壁，丛林险茎，三千多亩的枫树和马尾松，风吹林动，鸟语花香，令人有回归自然的亲切感。高负氧离子含量的新鲜空气于大桂林旅游圈，形成自然生态旅游观光风景区。暮秋时节的红枫等待游客的光临，可感受霜林尽染，漫山红遍，红叶铺满山径的美景。
古东瀑布，瀑布成群、古木参天，古东森林瀑布创造了人类的奇观。目前中国唯一的一处由地下涌泉形成的多级串连瀑布，由于水中的碳酸钙含量极高，钙华沉积作用而使瀑布面逐渐长高，其源头海拔在比漓江水位还高出180M的情况下，尚有泉水喷涌，是一个奇迹。来此游玩，有走瀑戏浪的乐趣，有丛林穿梭的刺激，令人流连忘返，乐不思蜀。作为广西科委定点的生态环保教育基地，因山清水秀、空气清新的生态乐园而著称桂林。
游客至此，爬瀑布、赏山水、尝桂林三宝、听鸟鸣、吃农家菜、开展素拓活动、看千亩枫林、品民风、回归自然、反璞归真、韵味悠然，正是度假、休闲、观光、游览的理想之所。在这里定将给您的桂林之旅增添意料之外的惊喜和愉悦。",,60元/人,水域风光,4.5,,12,90,60
71,桂林逍遥湖,桂林市灵川县大圩镇上茯荔村,09:00-17:30,25.132736,110.461673,1,7,"逍遥湖景区属于以山、林、溪、湖为主体的自然生态景区，景区以逍遥湖、逍遥楼及逍遥街组成的逍遥胜景为核心。延伸出龙岭流泉、密林古风、西瓯丛林、榕溪泛舟、幽溪栈道、花路诗雨以及及第小径等6大主题景观区。同时，通过重建以逍遥楼为主的历史名楼名亭名宅，通过仿古园林建筑、石刻诗词文章、历史名人趣事、坊间古风名俗，再现了底蕴深厚的桂林历史文化。这里有古木参天，飞瀑流泉，古坊塔楼，是访古问幽，娱乐休闲的好去处。    
    景区内另外还设有小溪趟水、跳傩舞、罚酒吟诗、丛林穿越、点状元等互动节目，游程之中乐趣横生。拥有小型宾馆、帐篷酒店、湖光山色景观房，餐饮、会议、娱乐设施一 应俱全，是休闲度假和小型会议的天堂。",,65元/人,水域风光,5,,6,90,65
72,大野神境,广西灵川县大境瑶族乡,8:00―18:00,25.142714,110.592415,1,7,"大野神境景区距离桂林市区45公里，位于桂林市灵川县大境瑶族乡境内，海洋山漓江水源涵养林保护区的腹地。景区地处喀斯特岩溶地貌和丹霞地貌的结合地带，区内有原始的大峡谷、天坑、溶洞、高山、奇峰、大型瀑布群、河流等自然景观，集聚了桂林山水之精华。景区一期已开发建成了金刚峡观瀑溯溪、大野河漂流、定向拓展、休闲度假等部分旅游项目，集桂林最高大美丽的瀑布群、原始神秘的金刚峡谷、刺激安全的大野河漂流、原生态的瑶族风情、快乐健康的户外运动等形成了桂林东线旅游一个全新的旅游目的地。当你一进入峡谷，清凉的山风便拂面而来，清澈的溪水、和你一同前行的溪中小鱼，都会让你感到惬意，山林中清新的空气，和林中欢快的鸟鸣，不禁让您感叹世间竟有如此美境！
   当然您还可以选择穿上草鞋、救生衣、带上头盔体验野味十足的攀爬乐趣，要不过瘾还可以在溪水中和同行好友大干一场水仗，抑或在瀑布下的水潭中畅游一番。在密林峡谷中穿行半个小时，前面已无路可走，展现在你面前的是108米高的绝壁上喷薄而出的大野瀑布！全程6.8公里、落差达150米的大野河峡谷激情漂流，水量充沛、河道滩陡水急、一个急滩短则几十米，长则上百米，橡皮艇直冲而下，撞在两岸的山石来一个360度大回旋，要么就是90度的急弯，又一个大回旋！大家只有紧抓船耳大叫的份！",,80元/人，预定价50元/人,生物景观,5,1,2,100,80
73,海洋乡,广西壮族自治区桂林市灵川县,,25.311745,110.572726,1,7,"海洋乡共有银杏近百万株，其中百年以上的银杏就有１．７万株以上，是世界上人均占有银杏最多的地方，被誉为“中国银杏第一乡”。海洋的银杏并不是仅仅指海洋一地，从灵川县的海洋乡一直到兴安县高尚镇，沿着海洋山脉密布于路旁、村落、山脚下的银杏林都被广义的称为海洋银杏。因此，在海洋，只要有人烟的地方就一定会有银杏林。田间地头、乡村院落、溪头水边都生长着银杏树，每到秋末初冬，银杏树叶片片金黄，秋风袭来，金叶飘舞，洒落地上，满地皆是散金碎银。
只有在银杏节期间，村子游客才会络绎不绝，也只有这个时候来才能见到村民们忙里偷闲出来摆摊出售一些自家的土产。原本普通的小村落，因为深秋的银杏节而靓丽了起来。而这种美丽却是非常短暂的。然而也正是因为这样短暂的美丽才吸引了更多的人们牵挂着“她”，生怕错过了一睹“她”芳容的机会。
站在高高的银杏树下，看着一群群踏秋而来的驴友，看着树下架设的一台台相机，看着附近的农民扛着锄头从容走过的样子，看着银杏树下可爱的小牛，看着树林边稚气的孩童相互追逐的身影。此情此景仿佛在梦中出现过，然而，此刻我们已经置身于真实的童话世界当中。脚下，是已经堆的很厚的银杏叶片……",,10元/人,生物景观,4.3,,9,100,20
74,九屋镇,广西壮族自治区桂林市灵川县114县道附近,,25.533459,110.263085,1,7,"桂林市灵川县九屋镇江头村是年代久远、拥有文化积淀深厚的古村落。
已有800多年建村历史的灵川县九屋镇江头村，现有180余座620多间砖瓦结构民居,其中60％以上属明清时代建筑.该村至今仍保存有门第匾额和皇帝诰封挂匾200多块，在这里可以看到清代奇特的“闺女楼”、“公子床”、“秀才街”、“举人巷”，以及明代村民为防御敌人进攻而有意构造的“迷宫”巷道。
据史料记载，明清两代该村人才辈出，灿如繁星，在乡试、会试、殿试中榜上有名，先后有百余人考中秀才，160多人出仕，受皇朝诰封30余人。出仕者担任的职务上至代理两江总督、布政使、按察史，下至知县、县令，任职地方北到黑龙江、辽宁，南抵广东、云南，东有江苏、山东，西至四川、西藏，中达河南、湖北，遍及全国。
据有关史学专家考证，江头村爱莲宗祠及古民居建筑群极具文物保护和旅游开发价值。",,免费开放,文化古迹,,,7,60,0
75,桂林蝴蝶谷瑶寨景区,广西壮族自治区桂林市临桂县宛田乡东宅江村,08:00―19:00,25.537919,110.097042,1,8,"桂林蝴蝶谷瑶寨是一个以生态旅游为主的自然景区，景区位于桂林西面，距桂林市区47公里，地处桂林至龙胜的旅游黄金线上,是集赏蝶、观瀑、野外探险、峡谷漂流、民族风情、休闲度假等项目为一体的生态旅游景区。由于在建有瑶族鼓楼的山顶上观看整座山谷仿佛是一只巨大的蝴蝶展翅高飞，谷中蝴蝶品种众多，可说是天然的蝴蝶王国，因而得名为“蝴蝶谷”。
景区内四季分明，年平均气温为19摄氏度，雨量充沛，森林覆盖率达到95％以上，空气中富含负氧离子，是一个天然氧吧。景区内盛产红杉、油衫、马尾松等优质木材；更为珍惜的是景区内还保存着两亿年前与恐龙同时期的---桫椤，它被誉为植物中的“活化石”，现被国家定为一级保护植物。
龙女滩以秀为主，景区内茂林修行，曲水流畅，鲜花野果遍布，古藤翠竹满山，有20多级瀑布均布于山涧之间；白龙潭则以奇为主，瀑布落差大，共有18级瀑布，落差最高的约30余米，最宽的约10余米，气势磅礴、声响如雷。沿途二十余个大小瀑布，形态各异，那可是森林探险和观瀑布的最好之处，也是生态旅游的绝佳去处。",,85元/人，预定价65元/人,民俗风情,4,,5,75,85
76,义江缘景区,广西省桂林市临桂五通（往龙胜方向321国道桂林――龙胜公路旁）,8:30―18:00,25.412204,110.082484,1,8,"义江缘景区位于桂林西北旅游线世界著名景观“龙脊梯田”景区的必经之路临桂县五通镇，素有风情长廊的桂林西北旅游线聚集了苗、瑶、侗、壮等十数个少数民族，雄浑的大山中原始森林、高山瀑布、峡谷激流、梯田壮景和火热的民俗风情交织在一起，形成桂林独特亮丽的旅游景观，有“桂林风情第一村”的美誉。
义江缘是一个以临桂文化为背景，桂西北少数民族风情为主题的大型景区，在这里，我们可以近距离的领略桂西北特有的农家风貌、农耕文化和田园风光，也可领略到临桂八景之首的“义江风光”；义江风情演艺水道，可以和我们的壮族歌仙对歌，聆听“侗族大歌”的天籁之音、感受瑶族长发的奇特风俗，又可游览义江两岸少数民族的各种风情、建筑景观。义江缘民艺走廊的数十种各类少数民族传统手工技艺同样能使你目不暇接。长街宴是你终生难忘的地方，火热的民族表演、奇特的民族美食，使你忘却自己，一起狂欢……",,90元/人,民俗风情,4,,9,120,90
77,山尾村,临桂县会仙乡,全天,25.082495,110.230733,1,8,山尾村是临桂县会仙乡的一个小村，这个村不大，几十户人家，但青砖房不少，与周围的农村相比，建筑上有点档次。山尾村是白崇禧的故乡，白崇禧是中国现代史上有影响的历史人物，在广西是没有人不知道的。临桂县是人才辈出的地方，李宗仁是临桂两江人，解放军著名将领李天佑也是李、白的同乡。,,免费开放,地文景观,,,10,40,0
78,深里河大峡谷,桂林的临桂南六圹,,,,1,8,"深里河大峡谷是一个还未开发完成的景区，且深里河大峡谷位于桂林的临桂南六圹南边山一个大山里头，所以进去景区的路非常崎岖，路程非常的遥远。去深里河大峡谷路上，车子沿着山路慢慢的行走在狭窄的山路上，有些山路只容得一辆小巴士行走。道路十分难走，我们在车上颠簸了差不多两个小时后才到目的地。 
　　深里河大峡谷游玩
    到了深里河大峡谷景区之后，换上救生衣和草鞋，等待导游安排，因为深里河是一个属于探险的地方，听导游人员交代一些探险时候该注意的事项是非常必要的，交代之后我们就随着导游一起出发了，开始我们的探险之旅。",,40元/人,现代设施,,,4,60,60
79,桂林十二滩景区,桂林市临桂县宛田乡大喉,08:30―18:00,25.585714,110.083113,1,8,"桂林十二滩漂流景区主营漂流项目，漂流河道全长9.5公里，总落差近100米，十二滩漂流以一段近2000米十二个急滩相连而出名，其中急滩中最高单个落差达3米，刺激可想而知（当地有一句俗语讲“漂过十二滩，吉祥又平安”因为当地将“滩”说成“难”，意思讲人的一生能够顺利经过十二“难”，一生都会吉祥平安了）。在十二滩漂流不仅享受到刺激还可体验“泼水”的乐趣，打水仗已经成为十二滩漂流独特的风景。十二滩漂流定会给你90分钟酣畅淋漓的享受。
十二滩漂流于2005年11月在漂流景区类首获“中国专业漂流旅游胜地”荣誉称号，漂流操作员更是经桂林海事局培训后持证上岗，每艘船配备两名专业操作员为你安全护航。十二滩漂流景区是目前离桂林市区最近的一个漂流景区，交通最为便捷的漂流景区也是配套服务设施最为完善的漂流景区。",,180元/人 预定价130元/人,水域风光,4,,7,180,180
80,桂林罗山湖水上乐园,桂林市临桂县罗山水库,日场周一-周四10:00-21:00；周五-周日09:30-022:00；夜场周一-周四16:30-21:00；周五-周日16:30-22:00,25.246254,110.066745,1,8,"史上最惊险刺激的水上游乐项目，伴随着DJ欢快的节奏，逼真再现“海啸”的汹涌澎湃，舞动你的身体，迎接超级猛浪的来临，海啸池让您在水中尽情释放激情，享受海浪拍打身体的无穷乐趣。
登上20米的高空平台，沿着几乎垂直的滑道，高速穿越滑道至谷底，在巨大的惯性作用下，体验自由落体的尖峰时刻，在失重的瞬间，体验着上天入地的快感和时空倒转的激情。
酒店紧临6.8公里海岸线，其通透的空间设计与椰风海韵融为一体，可尽享热带特有的阳光、沙滩、海水、绿色和空气，让人心旷神怡，温泉因蕴含有偏硼酸等10多种具有医疗价值的矿物质而被命名为地热医疗矿水，更彰显酒店特色。",,180元/人,现代设施,4.5,,6,240,180
81,红溪景区,广西壮族自治区桂林市临桂县,8:30―18:00,25.466934,110.106324,1,8,"红溪金瀑景区位于桂林市西郊临桂县中庸乡。景区因多紫砂石，水中阳光下鲜红而得名红溪，更因瀑布岩石为断层蜡黄岩石阳光折射下呈金黄色而得名金瀑！这是世界一绝的千藤红溪、中国最大的千层金色瀑布。景区中的溪石大多为红色紫砂岩，因而得名。溪红、池秀、瀑美、石奇、树怪、藤古合为红溪六绝。 红溪，因溪石大多为红色紫砂岩得名。阳光中红溪溪石鲜红无比，溪水溪景色彩斑阑，为桂林的彩溪，也是中国第一彩溪。俗话说得好：游红溪，走红兮！ 红溪山庄有停车场、鱼塘、泳池、烧烤、商场、餐厅、客房等度假设施。勃勃山泉、空气清新、冬暖夏凉的红溪是您观光旅游、避暑度假的理想去处。
高负氧离子的红溪休闲山庄，夏夜仅22-25度，目前有餐厅、游泳池、烧烤箱、多个清水鱼塘、20个标间客房等，并可提供羽毛球、气排球、拔河长绳、长板鞋等活动器材，是您养生健身、休闲聚会的好去处。主要景点：红溪开门红\红溪金滩\红溪金盆\ 红溪银瀑\红溪幽瀑\龙宫瀑布等。",,40元/人 预定价30元/人,地文景观,4.5,5,4,60,75
82,永宁州古城,广西桂林市永福永宁州古城百寿镇,全天,25.180979,109.791611,1,9,永宁州古城位于广西省桂林市永福县百寿镇北端，与百寿岩隔河相望。 永宁州古城始建于明成化十三年（1477），至今已经历529年的风风雨雨。古城最先为土城，城墙周长约1000米，高5米，厚2米多。成化十八年，改砌为石城；隆庆六年（1572），古城往西被扩宽80余米，建城门四座，东门叫“东兴门”，南门称“镇宁门”，西门喊“安定门”，北门为“迎恩门”。至万历三年，城墙增高到1.3米，加厚到0.6米；万历八年（1580），古城往北又扩展100米，城周长扩建为1277米，高6.33米，厚3.2米，城头垛637个，窝铺12个，兵马司4处，并在四座城门之上建起门楼。万历十四年（1586），在古城东面筑护城河堤430余米，城墙再次加厚，并加女墙窝铺。,,免费开放,文物古迹,4.5,2,1,60,0
83,金钟山景区,广西壮族自治区桂林市永福县罗锦镇金钟山景区,8：50-17：00,24.974022,110.153953,1,9,"金钟山旅游度假区位于桂林市永福县，距离桂林市40公里，交通便利。6.5平方公里的原生态梦幻山林中完美的融合了地方独特的福寿养生文化，是中国首家以福寿养生文化为主题的大型综合度假区。
在“桂林山水甲天下”的大环境下，金钟山景区在综合考量了景区旅游资源特色和市场调研的基础上，按照生态文化、生态景观、生态环境的开发思路，以喀斯特生态文化旅游以及森林生态旅游为主题，来对现有景区资源进行深入的开发。
景区目前拥有桂北地区唯一的天坑景观――乾龙天坑，精巧幽奇的生态钟乳岩洞――永福岩，依山而建的森林矿泉浴场，祈福求寿的长寿仙宫，梦幻山林间的迷你18洞高尔夫灯光球场，拥有全国首条山地越野主题车道的疯狂ATV山地越野车场，跑马场，绿色环保度假酒店等十余项观光、休闲度假设施，为您提供回归自然、探险寻踪、休闲浪漫的一站式度假生活。",,永福岩 50元/人 乾龙天坑 60元/人 高尔夫练习球 30元（30个练习球，含杆）,地文景观,,0,2,45,55
84,百寿烈士陵园,广西壮族自治区桂林市永福县306省道,,25.157492,109.779089,1,9,,,免费开放,文物古迹,,,10,20,0
85,清真寺,桂林市永福县苏桥乡,,25.278453,110.293838,1,9,"该寺始建于清乾隆年间。1980年由香港来浩林先生捐资重建。现占地面积约1.3亩，建筑总面积约70O平方米，大殿建筑面积153平方米，为中国传统宫殿式建筑风格。现有教民28户、共138人；其中学董及乡老7人、阿訇2人,满拉3人。寺内藏有阿拉伯文经典30本。",,免费开放,文物古迹,,,9,30,0
86,桂林广福景区,广西临桂世纪大道D区,,25.266326,110.295182,1,8,广福乡位于永福县南部，东与堡里乡交界，南邻鹿寨县黄冕乡，西接永安乡，北靠桃城乡，面积451平方公里。乡人民政府设在广福圩镇，北距县城7.5公里，公路行程15公里。 全乡辖8个行政村，166个村民小组。全乡人口2.1万人，全乡耕地面积27722亩，其中水田21524亩，旱地6198亩。主种水稻、桑蚕、玉米、蔬菜等。桑蚕茧质量上乘，在全区亨有声誉。 乡有公路通永福县城，所辖8个行政村皆通公路，湘桂铁路由北而南通过乡的中部，在境内设车站5个，桂柳高速公路横贯大石、龙溪、矮岭三个行政村。 土特产品有香菇、木耳、罗汉果、松脂、竹笋、灵芝菌等。 主要矿藏有重晶石、石英石、黄铁矿、赤铁矿、方铅矿、硬锰矿、内锌矿等，有森林面积29.5万亩，木材蓄积量54.23万立方米，森林覆盖率43.71％。,,50元/人,民俗风情,,,10,90,40
87,桂林全州县大西江玫瑰岩旅游度假村,广西省桂林市全州县大西江镇五星村委境内龟山岭旁,8:00-17:30,26.274714,111.002712,1,10,"全洞各景点刚好连成一个美妙的爱情故事，是中国第一个以爱情为主题的旅游岩洞。
以休闲避暑游为主的水岩地下河漂流，漂流有刺激的快感，往上划，通过下坝水位的提升，两坝合一，水平如镜，水道两旁直立或倒挂的钟乳石，令人悠然自在，心旷神怡。
以钓鱼、休闲娱乐为主的农家乐山庄。是同学、战友聚会、情侣相亲约会，家庭接待亲友游玩、单位开展活动、学校组织春游、秋游最理想场所。",,70元/人,地文景观,,,8,90,70
88,语录山,广西全州县枧塘乡珠塘村,全天,25.87,111.085,1,10,"广西全州县枧塘乡珠塘村有一个小石山，人称“语录山”，山上刻有毛主席语录和名人浮雕。作者是一个农民叫蒋济渭。二十几年来他一人独居，不与人语，每日在小石山上凿刻不已。近些年常有远近闻讯者纷至全州珠塘，欲变虚闻为实见，一睹那座“语录山”和那位凿石山上的老人。
　　蒋济渭，他用了30多年时间在自家屋前的石山上默默雕刻名人的语录和英雄的浮雕。积年累月，渐成规模。这座山也被当地人称为“语录山”。据当地县志介绍，从1973年开始，蒋济渭开始在自己的小屋后面雕刻。蒋济渭断断续续地说，最早雕刻的是毛主席头像和语录，由于没有学过雕刻技术，所有的工序都靠自己琢磨。由于家徒四壁，在雕刻语录时只得用黄泥或焦炭来临摹。 　　从拿起凿刀那天起，天刚蒙蒙亮，蒋济渭就起床，一直忙到天黑。一天只吃一顿午饭，风雨无阻。30多年过去了，如今，“语录山”上已刻有名人浮雕70多座、语录1100多条。字体有楷书、行书、草书、篆书等。",,免费开放,文学艺术,,,10,45,0
89,炎井温泉,广西壮族自治区桂林市全州县,全天,26.318494,110.965692,1,10,"炎井温泉位于全州县大西江镇炎井村委，距离桂林市153公里，距县城58公里，有柏油路相通，与湖南舜皇山公园遥相对应。日流量558吨，恒温42℃，含有锂、锶、锌、锗、铜、氡等多种对人体有保健、医疗作用的元素，属低纳、低矿化度，含氟氢硅酸矿泉水。
炎井温泉现已完成大众池、更衣室、售票房、景区公路、停车场等基础设施建设，已形成初步接待能力。日均接待能力达到200人次。炎井温泉沿途还有虹饮桥、千年古樟、精忠祠、童母岩等众多景点。",,60元/人，加鱼疗80元/人,生物景观,3.5,3,1,240,20
90,燕窝楼,广西壮族自治区桂林全州县,全天,26.040089,111.161103,1,10,"燕窝楼位于永岁乡石岗头村，距广西壮族自治区全州县15公里，系蒋氏祠堂之门楼，公元1495年，蒋建德始筹建逝卒未成，其子蒋淦迨公元1511年中进士，后擢任工部诗郎。皇帝赐封他亲自设计主持蒋祠楼修建而成，历经沧桑风雨，现已有480余年历史。
燕窝楼坐北朝南，由牌坊和门楼两大部分组成，木制结构，宽11.13米，进深12.8米，通高8米，面积为142.4平方米，全楼采用明代独特的飞檐单翘单卯榫构筑，共324个纪弓字斗拱卯榫，无一钉梢，环环相扣，衔接而成，形如燕窝，故名燕窝楼。祠内留有明、清、民国时代募捐维修碑和木刻长联10余件，现祠堂属自治区重点保护文物。
2006年05月25日，燕窝楼作为明至清时期古建筑，被国务院批准列入第六批全国重点文物保护单位名单。",,免费开放,文物古迹,,,5,80,0
91,虹饮桥,广西省桂林市全州县龙水镇龙水村,,,,1,10,"虹饮桥位于广西省桂林市全州县龙水镇龙水村西，是一座风雨廊桥。横卧于万乡河上。始建于清乾隆年间，全桥为木瓦砖石结构，由桥身，桥亭、桥墩、桥墙四个部分组成，桥长70米，宽4.2米，高7米，亭盖长廊，曲栏回合，中部飞阁重檐，雕刻精美。古桥濒临长洲，洲上古木参天，尤多古柳，十茂荫浓，远眺秋水碧澄，宛如彩虹饮仙液。每逢秋季，江水碧澄，桥边疏柳与远山红叶相映成趣。“虹桥秋柳”为龙水“八景”之一。昔有榜额题：“虹饮仙液”，故有“虹桥秋柳”之誉。
    这座水上楼阁式的桥梁，建筑完美，技艺十分精湛。桥下是用青石砌成鱼嘴形的五个桥墩，桥上是亭台长廊，盖着青瓦，两侧设有栏杆和座位，栏杆外另筑有风檐及亭，中间盖有7米高的四角凉棚，飞檐翘角，寓秀逸于雄伟之中．桥下一弯堤堰，积水成潭，水深碧绿。桥旁杨柳婀娜多姿，河水澄清可爱，树影波光相互映衬，使虹饮桥古颜朴躯显得别有风韵。
    当年就是在这座娟秀的虹饮桥上，红七军通过这座桥赶往全州，依稀中，似乎还能听到他们踏桥而过的脚步声。",,免费开放,文物古迹,,,4,40,0
92,龙岩洞,广西壮族自治区桂林市全州县209乡道,全天,26.005903,111.08195,1,10,"龙岩洞，位于贵港市城区东25公里的大圩镇南郊附近的龙岩山西面半山腰上，人们沿“之”字形石级登山，踏上第一百一十一级便到洞府。此洞府门高约4米，门额上镌刻着明万历年间李焘的题字“龙岩洞”。 
 进入洞内，便见洞顶圆如华盖，滑无纤尘。洞高15米，宽2500多平方米，可容千余人。洞内空阔明爽，奇景甚多。东边石壁上横卧一巨龙，长50多米，蜿蜒如生，颜色朱黄与众石不同，头角峥嵘，张口翘舌欲吞珠，珠却离龙口约四米，尽放异香在戏龙。巨龙腋下雏龙，顽皮昂首呼天，天犬从天而应，轻轻地落到巨龙腰间，一头小狮从森林跑来，累得正酣睡在龙背上。龙尾处栩栩如生的石龛玉帝正在坐禅，使人十分虔敬。环视洞壁，群豪正大显风采。看这边石猿合掌皈依，那边袈裟罗汉作揖听经；这边仙人开炉炼丹，鬓垂至腹的老翁兴冲冲人洞；那边骑鳌学士挥鞭而至，远道而来求经学艺。再看猛虎、鱼仙、大鹏、神象、醒狮等等都云集洞府，伴龙共歌，与龙齐舞。精灵的大鹏，勤学苦练，已得正果，练就了摇扶直上九重天的本领，正欲展翅翱翔。观赏了群雄荟萃的龙岩洞，使人精神振奋。由此看来，清康熙贡生、自号“山水郎”的曾光国在洞府南门上题刻“东方巨观”并不夸张。 
龙岩山上还有八岩、八景。八岩，除了最大的龙安岩外，还有天岩、地岩、十三太子岩、周公岩、称陀岩、三六岩、鸡翼岩。八景是：卧龙、飞虎、映日、丹炉、石磬、石猿、悬鱼、听经人。岩洞各异，美景如画，百看不厌。明代著名地质学家、大旅行家徐霞客，于1637年中秋节前三天，由桂平来贵县路过大圩时，曾流连观赏龙岩及附近诸山。清咸丰四年(公元1854)秋，农民起义军首领黄鼎凤派其将领林汉朝(今港北区武乐乡人)守龙岩，同治二年(1863年)五月，龙岩被清军攻破，林以身殉职。龙岩景观源远流长，早在唐朝就成为旅游胜地。宋淳熙元年(1174年)创建宝胜院，明洪武二年(1369年)建善惠堂，清修建龙岩佛寺，其间踵事增华，幸继美盛。解放后，人民政府对龙岩进行多次修缮，“文革”期间虽遭严重破坏，但已修复。贵县人民政府重新确定龙岩为县级重点文物保护单位后，大圩街群众自发组织龙岩管理小组，集资12000多元对龙岩进行维修、绿化；大圩街人龚敏忠还捐资16000元建半山亭及石级道路。经过修缮后的龙岩，正在揖迓嘉宾到来。",,免费开放,地文景观,3.7,1,6,60,0
93,全州天湖,广西壮族自治区桂林市全州县,8:00―17:30,26.142687,110.879438,1,10,距桂林市138公里，距全州县城49公里，位于华南第二高峰真宝鼎东侧，海拔1600多米，由高山草地、原始森林和13个水库组成的湖泊群，方圆达3平方公里。高山出平湖，一座座水库犹如一面面透亮的明镜，点缀在崇山峻岭间，相互贯通，互成补充。天湖柔美秀丽，既有杭州西湖“淡妆浓抹总相宜”的湖光山色，也有洞庭湖“茫茫五百里，不辨云与水”的诗情画意。天湖“一山有四季，十里不同天”，遇晴日，遥空如洗，波光粼粼，烟霞浩淼，云水相吻，游人如置蓬莱仙境，是狩猎、避暑、观日、赏花的理想胜地。,,免费开放,水域风光,,,11,65,0
94,桂林湘山寺,广西壮族自治区桂林市全州县,,25.939141,111.06796,1,10,"桂林湘山寺简介
位于广西桂林市全州县城内西隅湘山之麓，素有“兴唐显宋”之美誉，“楚南第一名刹”之雅称，系公元756年 唐代高僧无量寿佛创建。宋朝4位皇帝先后5次加封，宋徽宗亲临膜拜；清初著名画家石涛曾住寺为僧21年，留有石 刻花图；清朝康熙皇帝御笔亲题崖刻“寿世慈荫”。寺中还有飞来石，洗钵泉、妙明塔、寿佛殿、圆通宝殿、放生 池动物石雕群等景观。鼎盛时期寺内建筑面积达18000平方米。湘山寺作为广西最古老的佛教寺院，吸引着众多海内 外游客前来膜拜、游览，特别是三大佛教节日、更是人山人海，络绎不绝。
桂林湘山寺历史                                       
湘山寺始建于唐至德元年（756年），初名“净土院”，杭州径山得道高僧全真和尚为该寺开山祖师。昔日湘山 寺占地2平方公里，有过48殿、108房的兴盛场面。该寺历唐、宋、明、清、民国，到今已有1250多年，期间虽经多 次修葺，但至明清之际渐衰，后屡遭兵燹战祸。特别是1943年日寇轰炸和1944年日军侵占后，毁寺残佛，湘山寺遭 劫最甚，仅剩十余间寮房和妙明塔。再经文革浩劫，仅存依石雕成的鸟兽虫鱼等艺术品，以及高达七层、铜葫芦顶 的“妙明塔”。改革开放以后宗教政策逐步落实，1986年-1988年由政府组织、怀善法师设计施工，重建无量寿佛殿 、放生池、圆通殿和三栋寮房，新雕无量寿佛像一尊，观音像三尊，圆通菩萨25尊，文殊，普贤菩萨像各一尊，千 年古刹至此焕然一新，法灯续燃。 山顶有飞来石，传为自须弥山飞来。东有洗钵岩和转身岩等胜迹。四周峰林蓊郁 ，岩洞幽深。立于寺前，可一览全州城风光无余。                                     
桂林湘山寺文化价值   
湘山寺历史上在湘桂地区影响甚大，历代皇朝王公对该寺院也极为重视，仅宋代就有敕赐文牒五道。宋天子御封 全真和尚为“慈佑寂照妙应普惠大师”。全真现世寿160余岁，有异行，屡现阿弥陀佛，传为阿陀佛应化。该寺屡有 高僧出世，如临济宗第六代祖师慈明楚元和尚、清代画僧石涛等均出家剃度于此。宋高宗景德年间改“净土院”为 “湘山名刹”至今，朝廷敕封其为“楚南第一丛林”。清康熙皇帝有亲笔御书“寿世慈阴”靳刻于寺后石壁。明万 历年间改湘山寺所在的清湘县为全州，取全真和尚之“全”冠以州名之首。以出家人之号冠地名在中国地名史宝属 罕见，足见全真大师和湘山寺在当时文化地位之高。",,免费开放,文物古迹,,,4,86,0
95,桂林三江口,桂林市恭城瑶族自治县,,24.823996,111.098892,1,1,"桂林三江口简介
三江口水上极景三江口位于全州县城东南端的完山前，由发源于海洋山的湘江、都庞岭的灌江、越城岭的万乡河汇聚而名。三江汇合处有一个面积391. 68亩的鲸鱼洲；三江口水面最宽300米，最窄处40米，整个水域面积6600亩，三江口水最深处6米，平均水深4米。下游水晶岗电站，为三江口特殊的地理位置的优势发挥起到了决定性作用，水域宽广，水流平缓，是人们划船、游泳、垂钓的好地方。
桂林三江口特色
三江口一洲独居，环境幽雅娴静，别具特色，一日之内早中晚不同：晨，薄雾笼罩；午，江水湛蓝；夜，轻风拂江。江雾、烟雨、骄阳、清风、明月，将三江口点缀得如画如诗。围绕着美丽的三江口，还有镇湘塔、水晶岗电站等景点。",,免费开放,水域风光,,,8,48,0
96,全州真宝顶,桂林市全州县,全天,26.138628,110.833953,1,10,真宝顶位于越城岭山脉，地处全州、资源两县交界处，海拔2123米，仅次于猫儿山，为华南第二高峰。山上少见树木，植被多为低矮的蒿草，山势陡峭，坡度均在70度以上。从真宝顶上遥望天湖，可见连绵起伏的群山中有数个水库点缀其间，景色异常壮观。天气晴朗的时候，在真宝顶上可以看到猫儿山以及兴安、资源县城，令人产生一种时空被压缩的错觉。,,免费开放,地文景观,,,1,35,0
97,尚安古民居,桂林市全州县,全天,,,1,10,尚安人口不多，其村依山势而建，高低错落，平平仄仄，中有一高楼，墙基以大料石铺就，墙壁坚固，壁高数丈，中辟小窗，颇类枪眼；室内设有天井，既可采光，也可以通风。村子有三姓，另一吴姓，另一李姓，三姓相安，和谐社会也。,,免费开放,文物古迹,,,3,40,0
98,天门山,广西壮族自治区桂林市资源县中峰乡车田湾村,9:00―17:00,25.373081,111.219849,1,11,"天门山景区是资江漂流最精华地段，其方圆10公里，山形峻秀，岩壑争奇，源于典型的丹霞地貌，有三十八岩、十九涧、二潭、八石等。主峰""三娘石""宛如一柱擎天，百药谷汇天下本草于一地；神龙山庄因势就形，布局灵活，高低错落，自然与人文景观相得益彰。
在海拔630米的神仙寨顶有方圆56亩的原始森林，属国内罕见。为探山顶之谜，已于悬崖峭壁之上开凿出一条1098级挂檐直上的石梯游路，使人攀高试险，寻胜探幽。
景区内诸多淡红色的石柱悬90°角，猿猴不上，鸟望生惊。其它还有""天脊""、""一线天""""天鼠下凡""、""忘忧泉""、""桃花岛""等20多处绝好佳景，汇聚成一个美若仙界的景观群落，加之近年新兴的回廊曲榭，亭台楼阁，群体雕塑，名家题词，使这幽静、灵秀之地，自成避暑悠闲的上佳去处。",,60元/人，预定价45元/人,地文景观,4.5,61,10,180,60
99,八角寨景区,广西省桂林市资源县东北部梅溪乡大坨村,8:00-17:00,26.277275,110.70728,1,11,"八角寨，又名云台山，海拔818米，坐落在湘桂边陲，越城岭和雪峰山余脉交汇的地方，隶属广西资源县。位于群山拱卫之中，横空出世，独占鳌头，寨顶飞出八个犄角，形似八条峥嵘的巨龙远翘，故称八角寨。
它是我国乃至世界稀有的丹霞峰林地貌，被誉为“丹霞之魂”。在这里，所有的石峰均向一个方向作近几年45度的倾斜，十分奇特，在断崖挽留着白云，云浪抚摸着山腹，岚气轻拂着苍松时，所有的石峰显得跌宕起伏，似大海中的鲸鱼在追逐嬉戏，翻腾闹海。
八角寨东、西、南三面均为悬崖绝壁，只有沿着西南坡的一条古老、陡峻崎岖的曲径可登山顶。登斯山顶，方晓天地之博大，悟人生之真谛。",,80元/人,地文景观,4.5,86,3,200,80
100,丹霞温泉,广西壮族自治区桂林市资源县中峰乡车田湾村,7:00―24:00,25.992396,110.65216,1,11,"桂林丹霞温泉度假景区整体占地360亩，是一个集温泉沐浴、休闲保健、旅游观光、休闲度假、商务会议、生态旅游、科普教育以及完善的住、餐、娱、购配套于一体的新型、综合性温泉景区。
丹霞温泉产品突破了以往的开发思路，努力塑造温泉产品新形象，即在融合温泉自然、闲适、动感、健康、科普等特质产品的同时，着重突出温泉产品的文化性和差异化。星罗棋布于景区内的温泉池有动感池区、儿童池区、养生池区、异国风情池区、生态池区以及情侣池区等40多种风格各异、大小不一的功能温泉池，温泉池区内并设有大型室内SPA水疗、强身养颜组合、景观瀑布、冷热双瀑、八珍汤、冲浪池、风情沙滩、露天风吕、鱼疗池、箱根木屋汤、巴厘SPA、温泉食坊、露天舞台等。整个温泉区融汇了各国温泉沐浴风情并倾注了独特深厚的文化内涵，如追求宁静禅味的日式温泉、体现风情万种南洋汤屋、又有突现地方特色与民俗沐浴文化的温泉池等。游客在泡浴的同时还可在休息厅、按摩中心接受专业的擦修、按摩、中医理疗以及纯正的南洋SPA套餐。温馨浪漫的木制汤屋、健身调元的各式加料温泉，构成了全新的温泉天地。
景区环境优美宁静，田涌宽阔，山谷叠翠，曲径通幽，且有峭壁飞瀑，溪流蜿蜒多变，尤其茂密的原始生态林，形成了天然“氧吧”使空气更加清新；园区内湖泊、凉亭相映成趣，置身其中会使您心情豁然开朗。这里没有城市的喧嚣、污染，对久居都市、快节奏生活的城市人来说，夜色中尽情享受乡村原野的宁静与舒适，确有一洗尘嚣、令人陶醉的愉悦。景区环境优美宁静，田涌宽阔，山谷叠翠，曲径通幽，且有峭壁飞瀑，溪流蜿蜒多变，尤其茂密的原始生态林，形成了天然“氧吧”使空气更加清新；园区内湖泊、凉亭相映成趣，置身其中会使您心情豁然开朗。这里没有城市的喧嚣、污染，对久居都市、快节奏生活的城市人来说，夜色中尽情享受乡村原野的宁静与舒适，确有一洗尘嚣、令人陶醉的愉悦。",,138元/人 预定价108元/人,水域风光,4.5,1,10,120,138
101,宝鼎瀑布,广西壮族自治区桂林市资源县,8：00~17：30,26.041987,110.705624,1,11,"宝鼎瀑布距资源县城12公里，主要由宝鼎瀑布、宝鼎湖、宝鼎山、白云庵、原始矮林等几部分组成。
发源
　　宝鼎瀑布发源于华南第二高峰真宝鼎，它象一条银色巨龙穿云，从天而降，其宏伟气势，可谓“飞流直下三千尺，疑是银河落九天。”瀑布水流量大，落差200米，从瀑顶到瀑底， 一波九折沿陡峭的石壁铺天盖地而下，直落宝鼎湖。明代旅行家徐霞客赞曰：“悬崖飞瀑，长如布，转如倾，匀成帘”。 当我们远观云遮雾掩的宝鼎瀑布，有如一位美丽纯真的少女，对镜梳妆；近看敞胸露怀的宝鼎瀑布，有如刚出浴的美女，婷婷玉立。宝鼎瀑布气势磅礴，其云雾、清风、古木、翠竹、碧池、飞瀑浑然一体，令游客心驰神往。
风景
　　明净秀美，婀娜多姿的宝鼎湖，面积为705亩，最深50米，平均深度35米，犹如一面大明镜镶嵌在群山之中， 飞流直下的瀑布，与如镜的湖面连成一体。湖面，一碧万顷，绿波粼粼，湖岸，水林云树，倒映水中。泛舟其上，湖光山色，令人心旷神怡，流连忘返。 　　宝鼎景区内风景秀丽、环境优美、空气清新、气候宜人。有着悠久的历史文化，设施完善，是休闲、度假、观光、疗养、吸氧“洗肺”的理想胜地。 　　风景区内瀑布成群，洞穴成串，峰峦叠翠，植被奇特，伏流、溶洞、石林、石壁、峡谷比比皆是，呈现出层次丰富的喀斯特山水旖旎风光。
记载
　　明代地理学家徐霞客亲临实地考察后，描绘宝鼎瀑布""悬崖飞溅，长如布，转如倾，匀成帘""见《徐霞客游记 粤西游记》。宝鼎瀑布层次多，落差大，云雾、清风、古木、翠竹、碧池、飞瀑浑然一体，既有黄果树瀑布的磅礴气势，又有庐山瀑布的婀娜妩媚，令游客陶醉不已。 　　拦宝鼎山腰而建的上梁水库，正处于瀑布底部。飞流直下的瀑布与水平如境的水库连成一体，别具一番情趣。 　　湖面，一碧万顷，绿波粼粼。湖岸，丛林芳草，倒映水中。泛舟湖上，如入琉璃世界；垂钓，如入无人之境，悠然自得，美不胜收。
宝鼎瀑布距县城12公里，面积15公里，主要由宝鼎瀑布、宝鼎湖、宝鼎山、白云庵、原始矮林等组成。瀑布发源于华南第二高峰真宝鼎。瀑布之水源于青背河，河水经大坝西折，至山北，沿着山势，泻入宝鼎湖中。几经跌，凌空坠落，象一条银色巨龙穿云破雾，从天而降，其宏伟气势，可谓“飞流直下三千尺，疑是银河落九天”。
    瀑布脚下的高湖是宝鼎湖，面积705亩，最深处50米，平均深35米，船行处，泛着微微的波澜，一波一波涌动，形成均匀的花纹，犹如一面大明镜镶嵌在群山之中，江将飞瀑衬托得更加气势宏伟。
    宝鼎瀑布有世界上罕见的特色：花岗岩岩石构成的瀑床，700多米的落差，瀑布脚下有高湖相接。瀑布挂在高耸云宵的宝鼎岭腰，长1千余米，由于山势陡峭，瀑布共分九级，由完整的丹霞岩石组成，使瀑流犹如在一块飘浮的红绸上流过，阳光射过溅起的水雾，七彩如虹，有九重天之说。瀑布最宽处达200余米，最窄处也有20余米，总落差180米。每逢春夏之交，瀑布水流量最大。从瀑顶到瀑底，几经周折，形成九级直落宝鼎湖。飞天瀑布从罗汉大肚式的断崖处汹涌而下，形成巨大的扇形瀑面，气势磅礴，吼声震耳欲聋。明代旅行家徐霞客赞之曰：“悬崖飞瀑，长如布、转如倾、匀成帘”。",,30元/人,水域风光,4.5,10,5,120,30
102,资源丹霞国家地质公园,广西桂林资源县,7：00―17：00,26.062041,110.668924,1,11,"广西资源国家地质公园南起资源县城，北部、西北与湖南省新宁县交界，南北长33公里，东西沿资江及资江两岸分布，宽3－9.6公  里，总面积125平方公里。地质公园以丹霞地貌为特点。 
　　资源国家地质公园园区内地貌景观具有“雄、奇、险、幽、秀、奥”等特征。资源新宁红层盆地的主峰――八角寨，为方山形地貌，海拔814米，相对高度约400米，东、西、北三面为光滑有形的悬崖绝壁，登上山顶后有一种横空出世的感觉。此外，资源丹霞地貌还有很多宏伟壮观的地质地貌景点，如天脊、龙脊、风帆石、资新大断裂遗迹等。有丰富的造形，形状象螺、大象、青蛙、大佛、山羊、骆驼、城堡、猫头鹰、企鹅、风帆、蜂窝及象各种壁画图案等等，其中最奇特的类型有“群螺观天”、“泪人石”、“人字天”石、“风帆石”、“神象饮水”、“山字石”、“蒋军骑马壁画”等。  
    形成于距今1.35至0.65亿年间的白垩纪地层呈单斜产出，而山体因流水、崩塌等作用一般发育有陡崖，坡麓则接受堆积形成缓坡，因而造就了本区丹霞地貌的“顶斜、身陡、麓缓”的基本特征。资  源丹霞地貌发育有众多的幽深巷谷、障谷地貌，如天门景区的东、西一线天，八角寨景区的生死谷、黄沙江狭谷等，特别是狭谷、障谷，置身其间，就象进了一座迷宫似的，两侧高陡奇特的石壁，谷中奇花异草，流水潺潺，百里无人，有一种超凡脱俗、幽深奥美，仿佛进入世外桃园的感觉。     
   与资源丹霞地貌地质遗迹相匹配的良好生态环境，区内山青、水秀，具有清纯、灵动，返朴归真之感。",,"98元/人,预定价78元/人",地文景观,4.6,15,8,120,98
103,资江漂流旅游景点,广西壮族自治区桂林市资源县,7:00―16:00,26.112244,110.689777,1,11,"资江位于资源县城以北，是广西旅游热门的三大江水之一，集幽、险、秀、奇于一体，风光独树一帜。
　　资江漂流河全程22.5公里，可乘橡皮艇或木船、竹筏顺江而下，经48个滩、拐31个弯。沿江分布有60多处景点，主要有风帆石、神象饮水、资江大佛等形象逼真，堪称绝景，具有很高的观赏价值。在这有惊无险的漂流中，观山光、水色，乐趣无穷。
　　资源的旅游资源县河流分属长江、珠江两大水系，具备旅游漂流条件；资源县在丹霞地貌上拥有国家级森林公园，珍稀植物种类繁多，既有观赏价值，又有科考价值。目前已经开发的景区有：资江漂流、宝鼎瀑布、八角寨丹霞地貌及国家级旅游公园、天门景区、五排河探险漂流等。",,资江门票98元/人 预订价88元/人,水域风光,4.5,,2,60,98
104,五排河漂流,广西壮族自治区桂林市资源县144县道,8:00―16:30,26.005004,110.460117,1,11,五排河漂流位于华南第一高峰猫儿山峡谷的五排河，是珠江支流浔江的源头河。在开发的旅游探险漂流的30公里河段，河面宽5-30米，上下落差近300米，水流极富变化。时而急弯陡滩，水急浪高，涛声激人；时而宛转平缓，舒心宜人。河道两旁怪石嶙峋，两岸山陡林密，苗、瑶山寨梯田隐于其间。作为新近开发的探险漂流景区，五排河在桂林旅游区和我国南方旅游区域中具有独特的地位。首先，从旅游资源与旅游活动类型的分类上看，作为水域风光类旅游资源，在桂林旅游区中，五排河漂流河段不同于以风景观光为主体的漓江，以运动参与作为旅游目的丰富了桂林旅游区水域风光的内涵。五排河以及猫儿山西北麓峡谷的优美风光不仅使他成为自然风景旅游地，而且探险漂流使其成为桂林旅游区和广西与华南地区少有的运动性旅游地。随着当代旅游发展，旅游消费呈现出多元化的趋势。单纯的观光旅游不能满足许多旅游者特别是青年旅游者的需求，他们需要在旅游活动中有更多的参与，在旅游参与活动中获得新的认知，实践自身的创造能力，确认自身的价值。漂流探险的旅游运动，对人们的能力与意志都是良好的锻炼，越来越受到身体健康的旅游者特别是青年旅游者的欢迎。不同于观光型旅游，参与性、运动性的旅游项目有着极高的重复性与重游率。五排河探险漂流旅游的深入开发，丰富了作为我国重要旅游区的桂林的旅游活动类型，必将带来对旅游客源市场的影响，增加旅游者中的青年比重，同时也促进着旅游者逗留时间的延长，在桂林旅游发展中起到其特有的促进作用。,,门票168元/人 预定价135元/人,水域风光,4.2,,9,120,168
105,百卉谷景区,广西壮族自治区桂林市资源县202省道,全天,26.142432,110.68298,1,11,百卉生态景园是资江漂流终点段最精华区域，其方圆5公里，山形峻秀，岩壑多奇，源于典型的丹霞地貌，有三十八岩， 十九涧、二潭、六泉、八石等。主峰“三娘石”宛如一柱擎天，百药谷汇天下本草于一地，神龙山庄因势就形，勾心斗角，布局灵活，高低错落，在海拔630米的 神仙寨顶有方圆50亩的原始森林，属国内罕见。为探山顶之谜，已于悬崖峭壁之上开出一条1098级险如华山的石梯游路，使人攀高试险，寻胜探幽。景区内诸 多淡红色的石柱悬90°角，猿猴不上，鸟望生惊。 险而回味，孤峰碧水，还有“天脊”、“一线天”、“忘忧泉”、“桃花岛” 、“天下第一药谷”、“ 神农度假山庄”等20多处绝好佳景汇聚成一个美若仙界的景观群落，加之近年新兴的回廊曲榭，亭台楼阁，群体雕塑，名家题词，使这幽静、灵秀之地，自成避暑 悠闲的上佳去处。去这幽静、美丽的世外桃源过一把攀登、垂钓、烧烤的瘾，实乃“人生百乐何处觅，天门胜景似神仙”。,,30元/人,地文景观,5,,6,120,60
106,隘门界,广西壮族自治区桂林市资源县,全天,26.030328,110.516116,1,11,"隘门界位于资源县，是冬季观雪的最佳去处。此处雪景别具特色：一是奇。隘门界海拨一千一百多米，且多“风口”，也就是寒风不断连连吹的垭口，这种垭口再加上零下五度的气温，容易形成各种奇观。二是方便，不用爬山。从县城出发3公里左右就能见到好的雪景，只管顺着公路走就可以，每逢下雪，这条公路便如过节般热闹。 
　　从县城出发后约7公里到金山（地名），从金山至隘门界（地名）这一段约十二公里的路段是赏雪最好的路段，而壁板石（地名）到隘门界这约5公里则是是资源雪景最奇特和漂亮的精华路段。",,免费开放,地文景观,,,11,60,0
107,猫儿山,广西壮族自治区桂林市资源县,8:00-18:00,25.830226,111.020862,1,11,猫儿山因峰顶为一花岗岩巨石，形似卧猫。故称猫儿山。猫儿山地处资源和兴安两县境内。呈东北―西南走向，长约60公里，宽10－15公里。以前一般将它划归越城岭，据廖正城等研究，猫儿山与越城岭为中峰―华江断裂带分隔，应把它从越城岭中划分出来。,,180元/人,地文景观,4.4,,4,240,180
108,上梁山寨,"广西壮族自治区桂林市资源县
633乡道",,26.041948,110.705752,1,11,,,免费开放,生物景观,,,5,100,40
109,月岭古民居,广西省桂林市灌阳县文市镇东北两公里处,07:00--18:00,25.665083,111.215882,1,12,"月岭古民居 位于灌阳县城北面30公里的文市镇月岭村。该村是灌阳县第一大自然村，居住着约400户人家，居为唐氏家庭，至今一脉相传28代无一杂姓，古民居始建于明末清初，属典型的汀南式民居。
月岭古民居三面环山，背依灌江，树木葱笼瓜果飘香，在其周围既有许多自然景观又保存有众多的人文古迹和古代遗风。有建于清道光十四至十九年（1834－1839年）的自治区级文物保护单位。
月岭古民居整齐平滑的青石板路，青砖碧瓦、错落有致的六个大院，古井、石磨、戏台、蓄仓、鱼池、花园构成典型的清代古民居。建于清朝的“孝义可风”石碑坊、“步月亭”、“文昌阁”、“百步亭”、“催官塔”、“将军庙”、“石寨”、“孔林墓”、“古井旋螺”、等古迹构成一幅古朴浓郁的美丽画卷。",,20元/人,文物古迹,4.3,7,2,30,18
110,桂林千家峒景区,广西省桂林市灌阳苏东村,9:00-17:00,25.551388,111.12832,1,12,"到桂林旅游，一般人们只知道漓江、阳朔、龙胜梯田等景点，殊不知在桂林的东北部，还有一个风景及人文历史都相当独特的千家峒景区。这里原生态景观和世界瑶族发祥地的深厚文化底蕴，构筑成历史文化传统与自然山水田园相融合的世外桃源，让人印象深刻。
千家峒是瑶族先祖聚居生活的地方，曾居住着千户瑶族人家，700年前遭官府血洗，从此浪迹天涯。如今不少瑶族同胞都视千家峒为圣地。在“瑶寨水乡”，就可以体验千家峒文化和瑶族各支系的发展历程和变迁。
景区中最为神秘的一处是腾龙洞，这是一个罕见的特大岩溶洞穴，是一条还在发育扩大中的地下河。溶洞总长度在25公里以上，有“亚洲第一水洞”之称。地下河的河岸两边布满各种造型的石笋、石柱、石幔、石珍珠，形态万千，栩栩如生，像龙、似人、如佛、似塔，还有飞禽走兽、神仙菩萨出没，真让人叫绝。",,免费开放,地文景观,4.2,,12,240,80
111,灌阳文市石林,中国桂林市灌阳县,全天,25.683072,111.187251,1,12,"一处可与云南石林相媲美的石林奇观――桂林灌阳文市石林。
    桂林文市石林， 位于灌阳县文市镇，距桂林市一百八十八公里，在灌阳县城北部30公里，省道20164线（桂林至零陵）贯穿而过。文市石林是由典型的喀斯特熔岩侵蚀而成，占地5平方公里，奇石罗列，形态各异，具有双层结构，剑状峰顶，峻峭无比，造型奇特等特点。美丽的灌江在她身旁回旋，江畔红枫绿柳交相辉映，小桥流水逶迤曲折，数间农舍点缀其间，犬吠鸡鸣，偶有顽童在林间嬉戏，好一幅美丽的田园风光。
    “飞马横空”、“八仙飘海”、“雄鹰展翅”、“仙人牧鹿”等景点栩栩如生。还有许许多多的景点等你去认识，去了解，去解读。它是可以与云南路南石林想媲美而又更为典型的剑状岩溶地貌。石林下樟榕苍遒，红枫绿柳交相辉映，古井清泉，小桥流水，鸟语花香。
    据岩溶学博士蒋忠城先生考证文市石林有两大显著特点：一是它是一种比云南路南石林更典型的剑状岩溶地貌。由于桂林的雨热气候条件优于路南，所以文市石林的剑状岩溶牲更加典型和普遍；二是它有比世界其它热带地区的剑状岩溶地貌具有更复杂的发育历史。文市石林还具有双层结构，剑状峰顶和造型奇特等特征。
    文市石林的前期开发工作正在进行，其第一期游步道已基本完工，并陆续接待了部分慕名前来观光和游览的人。
    作者前二天随《百名记者、撮影家聚焦灌阳》学习撮影，也拍摄了几张。除了告诉你石林很有看头以外，也请求帮助在下面每张照片中寻找出更美的亮点，提炼出更妥贴的主题，那是最好的事情了。
    据专家介绍，云南石林以世界上单体最高的喀斯特岩溶地质奇观而闻名，而灌阳文市石林则比世界其它热带地区的剑状岩溶地貌具有更复杂的发育历史。文市石林的开发利用将填补桂林旅游圈没有石林的空白。",,免费开放,地文景观,,,6,40,0
112,灌阳神宫,桂林市灌阳县,全天,25.551249,111.126851,1,12,"灌阳神宫位于灌阳县城西北7公里处的苏东村，被誉为“天下第一水洞”，该洞深长莫测，现探得25公里尚未找到尽头。岩洞景态神奇而得名，又称“黑岩”、“龙宫“。钟乳石千姿百态，各种自然景象应有尽有，其神奇瑰丽，鬼斧神工，美不胜收，世所罕见。洞中一条清澈见底的泉水河，空气新鲜，四季恒温18摄氏度，冬暖夏凉，可乘船、艇游览洞中美景。游人有如登临天极峰顶，座座群山，千里原野，古城连垣，松柏参天，雪山飞瀑，广阔的沙滩，宛如陶渊明的世外桃源，令人百看不厌，流连忘返。在神宫左侧200米处，有一个岩洞，名叫潮水岩，每天定时潮涨潮落，专家为之惊叹。
    灌阳神宫洞内钟乳石保存完好，景态神奇，各种动植物形态应有尽有，栩栩如生，“百龙嬉水”、“暗河神象”、“双塔争辉”、“水现莲花”、“银针世界”等景点是大自然鬼斧神工，经亿万年精心雕琢而成。洞内空气清新，四季恒温 1 8 ℃ ，可乘舟游览。目前开发的 2 公里 其中前段1．3 公里 为水路乘舟游览，后段 0.7 公里 为陆路步行览胜。二期工程竣工后，出洞口 ( 人工隧道 ) 可观赏桃花园--小龙田园风光：距神宫洞口左侧 500 米处，有一泉水从地下涌出名曰潮水泉，该泉水每昼夜定时六次退潮，潮涨时伴有鼓锣的敲打声，水位迅即升高，十几分钟后即退潮，潮涨潮落令人叫绝。
    洞内岩溶发育良好，有石钟乳、石笋、石柱、石幔、石瀑、石梯田、石葡萄、石花等洞内景观缤纷琳琅，千奇百态。进入洞内2.5公里处有一片极为宽阔庞大的石林。距洞口7.5公里有高4米的洞内瀑布，由于洞内的回音作用，声音震耳。该岩洞内由于流水带动空气流动，空气清新甜润，沁人心脾。洞内四季恒温18℃，冬暖夏凉，适于四季游览。
1993年，灌阳县开始对该洞进行开发，1995年投入146万元，完成灌阳神宫的第一期开发。1997年又投300万元，开始神宫的第二期开发。",,30元/人,地文景观,,,2,45,30
113,灌阳酒海井纪念碑,桂林市灌阳县,全天,25.637,111.117,1,12,"酒海井红军烈士墓纪念碑位于百灌二级公路47公里处的灌阳县新圩乡光明村委，一个小型的红军烈士纪念碑园，一口井、一个碑、一座塔，几株苍松翠柏构成了这里的主体。100多位红军烈士长眠于这里。
    几束山花陪伴着红军烈士。清明时节，路过的群众用这种最朴素的方式表达自己的缅怀之情。
    据碑文介绍：1934年11月27日至30日，为掩护中央红军抢渡湘江，中央军委炮兵营、红五师第十四团、十五团、红六师第十八团先后在新圩至排埠江一带，阻击国民党两个师及一个独立团的疯狂进攻，浴血奋战四天三夜，完成了阻击任务。因形势紧迫，红军撤退时来不及将伤病员安全转移，国民党反动派伙同当地土豪劣绅将设在新圩下立湾村祠堂的临时救护所里的100多名伤病员捆绑后，残忍地丢进酒海井这个深不可测的地下河里，最后全部壮烈牺牲。
    为缅怀先烈，告慰英灵，教育后人，中共灌阳县委员会于2003年12月在酒海井建立纪念碑。",,免费开放,文物古迹,,,9,30,0
114,龙胜温泉,龙胜温泉与龙脊梯田同处龙胜县，温泉区距县城32公里,7：00－18：00,25.897066,110.218151,1,13,温泉以其清澈、纯净的水质，地处幽谷，溪水潺潺的秀丽风光和冬暖夏凉和四季宜人的气候，被称为“华南第一泉”。    温泉一带，青山环列，溪流如带。泉水由地下1200米深处岩层涌出，水质清澈，以白崖岭至天鹅界一条数十里长的寒武系断裂带作通道，顺着崖隙源源喷出，分作上下两泉群，共有大小16眼泉口，水温平均54―58℃，总流量528.7吨/天。这里的热泉有冷泉自然调节温度，根本不用人工勾兑。除了室内的温泉，还有座落于山中的池子泡汤，游客可以在温泉的浸润中感受大自然的葱翠和清新的空气。    温泉的奇特之处在于泉水是优良的天然饮用矿泉水和医疗矿泉水，水中还含有锂、锶、锌、铜等十多种有益于人体的微量元素，对人体生理功能有促进与保健作用，可催眠、镇痛、抗衰老、软化血管、抗癌等；常洗浴可调节心血管系统，对治疗高血压、心脏病以及糖尿病、神经炎、关节炎、皮肤病、内分泌紊乱等均有很好的疗效，当地瑶族同胞称之为“神水”。,,98元/人,水域风光,4.5,83,7,150,128
115,龙脊梯田,广西龙胜各族自治县和平乡平安村龙脊山，距县城22公里,白天全天开放,25.731805,110.078836,1,13,龙脊梯田位于龙胜县东南部和平乡境内，是一个规模宏大的梯田群，梯田如链似带，从山脚盘绕到山顶，其线条行云流水，潇洒柔畅；其规模磅礴壮观，气势恢弘，有“梯田世界之冠”的美誉。龙脊梯田距龙胜县城27公里，距桂林市80公里，景区面积共66平方公里。共分为平安壮族梯田和金坑红瑶梯田。平安梯田集中在平安寨，有七星伴月和九龙五虎两个景点和附近的龙脊古村。金坑梯田位于大寨地区，由大寨、田头、壮界、新寨、小寨五个寨子组成，主要观景在田头寨和大寨。龙脊整个梯田群分布在海拔300－1100米之间，坡度大多为26－35度－，最大坡度可达50度。梯田一层层从山脚盘绕到山顶，小山如螺，大山似塔，层层叠叠，高低错落。在梯田的海洋里，最大的田不过一亩，大多数田都是只能种一二行禾的“带子丘”和“青蛙一跳三块田”的碎田块。梯田一年四季景观各异，景象可称得上是人间一大奇观。景区文化    龙脊梯田景区内居住着壮、瑶两种民族。平安壮族梯田和金坑红瑶梯田，分别代表壮族文化和瑶族文化。龙脊的壮族是北壮的代表，服饰独特，风情独具。在这里可看到古朴的壮族民间舞蹈和保护完美的壮族服饰，也可听到优美的壮族山歌，并享受原汁原味的壮族风情和传统习俗壮乡民居。另外还有香纯味美的龙脊铜鼓舞、师公舞、打扁担，令人耳目一新。相关介绍：龙脊梯田始建于元朝，完工于清初，距今已有650多年历史。龙脊开山造田的祖先们当初并没有想到，他们用血汗和生命开出来的梯田，竟变成了如此妩媚潇洒的曲线世界。他们建设家园的智慧和力量，从龙脊梯田身上得以充分地体现。    有这样一个笑话形容梯田的小：有一个地主要农夫耕完山脚的206块田，农夫把地耕完后，数来数去一共只有205块田，怎么也找不到那最后一块，后来他拾起了地上的蓑衣，这才发现原来还有一块田被盖住了，因此有“蓑衣盖过田”的说法。,,80元/人,地文景观,4.5,1486,5,480,80
117,银水侗寨,广西壮族自治区桂林市龙胜各族自治县???北 0.1 米,8:30-17:30,25.811892,109.985363,1,13,在桂林市龙胜县城西1.5公里的勒黄小三峡之中，与6400千瓦的勒黄水电站库区铧嘴相连，总面积3000平方米，建筑面积1500平方米，是个集桥、亭、廊三位一体的独具风格的风雨桥，四方层檐飞角瓦顶塔形鼓楼的侗族少数民族民俗村寨，其沟迭岩有致瀑布飞流直下，远望似银链，故称为“银水侗寨”。此地曾是个古老的侗寨，早在唐宋年间，侗人吴氏家族迁入龙胜，首次在此开山落寨，经过几代人的建设，成为一个错落有致重联的侗寨，人们安居乐业，人丁兴旺，寨子顶端有庵堂，香火不断，远近闻名。寨上依山傍水，林木葱郁，风景迷人。住在寨中的侗家人能歌善舞，在生活习俗、饮食习惯上都保持着本民族的独特风格，村寨中不用一钉一铆木结构楼房、风雨桥（花桥）、宝塔式的鼓楼，都是侗家风格的标志性建筑。寨子的风雨桥跨卧于寨口，从风雨桥走过，就进入了寨中。按照侗族习俗，鼓楼是寨中必有建筑，寨中有多少个姓氏，便会建几座鼓楼，但银水侗寨只有一个“吴”姓，因此寨中也就只有一座鼓楼。“龙胜”县名的由来：银水侗寨的第82代寨主吴金银于乾隆三年（1737年）因不堪官府的压榨起义，虽得到了当地各族人民的支持，但还是被镇压而失败。起义失败后，官府将县名改为“龙胜”，以宣扬镇压的功劳，这也是“龙胜”县名的由来。,,50元/人 ,民俗风情,4,8,9,75,50
118,黄洛瑶寨,位于龙脊景区境内,全天,25.750823,110.137899,1,13,黄洛瑶寨是龙脊十三寨中唯一的瑶族村寨，居住着清一色的红瑶族。自古红瑶妇女有储长发的传统习惯，全村60户人家中，头发长达一米以上的有60名，最长的达1.7米，号称天下第一长发村。未婚女子的头发盘于头顶并用黑布包裹，只有家人才能看见其一头长发如果外人想看一下她们的头发，就要把她娶回家。这里村民人人能歌善舞，热情好客。游客来到黄洛瑶寨，身着浓艳民族服装的瑶族姑娘唱着甜美的山歌列队欢迎，献上她们特有的舞蹈和传统体育竞技项目。还有那香喷喷匠油茶和瑶族妇女乌黑亮丽的长发，更令游客赞叹不已。歌舞节目有：长发表演、红棍舞、伞舞等。红瑶妇女的服饰很美，也很讲究。一套衣服全都是手工刺绣要花三年的时间，衣服上绣有各种花纹和图案，有五颜六色的花草树木，有栩栩如生的飞禽走兽，最特别的是背部系腰处，有一对鲜红的虎爪印。说起这虎爪印还有一段不寻常的故事：传说有一天皇帝上山打猎遇险，差一点被老虎吃了，是一个红瑶女救了他，为答谢救命之恩，皇帝砍下虎爪蘸上虎血像印章一样印在瑶女的衣背上，传旨以后面君不用下跪，以后各级官员遇见她，坐轿的要下轿，骑马的要下马，不得无理。回家以后，这个瑶女在她所有的衣服上都用丝线绣上了虎爪印，就这样一代传一代，至今你还能够看到这虎爪印。您只要仔细观察瑶女们的耳朵上、手上都戴着银饰品，最显眼要数那有二、三两重的耳环了，还有那手上戴的镯头，都是民间的银匠精雕细凿而成。,,35元/人,民俗风情,4.2,37,10,120,35
119,花坪自然保护区,广西东北部的临桂县与龙胜各族自治县交界处,全天,25.604565,109.941654,1,8,花坪国家级自然保护区，在龙胜的西南部与临桂县交界一带，总面积 15133.3 公顷，距桂林市仅 70 公里（直线距离 45公里）。它是亚热带山地常绿阔叶林类型中的天然大花园，有四时不谢之花、八节长春之草。其山岳溪瀑森林云海景观的丰富，在桂北和广西都独占鳌头。地貌峰峦重叠连绵，岭脊嶙峋锐利，谷坡陡峭绝险，植被繁茂复杂，遮天蔽日的古树，横纵交错的藤蔓，厚如毛毯的苔藓，数不胜数的奇花异草，组成这里神秘深邃的森林景观。 保护区内悬崖峭壁、河谷深切，形成许多急流飞瀑，大小瀑布有数十处之多。更是一个珍稀动植物宝库。1957年5月6日，花坪最早发现“植物熊猫”－银杉，引起了世界植物界的轰动，从此名声远播。,,20元/人,生物景观,4.9,5,4,60,20
120,红溪景区,桂林市临桂县中庸乡,8:30―18:00,25.466934,110.106324,1,8,"桂林瀑群典范、中国原始浪漫的水上森林公园、世界独一彩溪之称的―桂林红溪景区，因溪石大多为紫砂岩石在水中阳光下鲜红而得名。红溪池潭清澈,水深碧绿，部分蜡黄溪石呈金黄色，因此又称“金溪”。拥有近万亩国家生态水源保护林的红溪,不但奇石景观生动，如仙龟迎客、山蛙祝福、金元宝等吉祥多趣。更重要的是她和藤妖、牵手、挽手、第三者插足等奇藤怪树、竹林草地天然融和，构成中国罕见的原始浪漫的红溪水上森林公园。红溪瀑布多，造型美――清凉雄浑的红溪幽瀑，高山流水一瀑三折的红溪长瀑，美女梳妆的龙宫瀑布，行影不离的鸳鸯瀑布，步步高升的仙梯瀑布等。红溪金瀑为红溪瀑布群中最大的瀑布，目前高35米宽约60余米，水流从悬崖树木间流出，经结构精美的千层岩石，或轻盈缓慢，或急流直泻，层层叠叠而成局部精美、整体气势雄伟壮观的千层大叠瀑；瀑布一般为银灰色，因岩石为断层蜡黄岩石，阳光照射，从正上方看呈金黄色，故称红溪金色大瀑布，是中国单级层数最多的大叠瀑和最大的金色瀑布。而红溪银瀑，高33米，岩石千层，青苔绝壁，彩虹飞舞。雨季气势恢弘壮观，旱季如众多美女身着白裙飘然下凡，上有寿比南山的红溪老人为您祝福，下有红溪舞狮欢庆相迎，被誉为桂林最美的瀑布。",,40元/人 预定价30元,水域风光,4.5,5,7,60,75
121,玉龙滩景区,广西壮族自治区桂林市龙胜各族自治县321国道??,全天,25.857969,109.782833,1,13,玉龙滩旅游风景区集山水旅游、休闲度假、奇石观赏、漂流健身、探险考察于一体。景观 景区山水与湖南省通道侗族自治县地界互相交错。两岸悬崖夹峙，陡峰耸立，一派神、奇、幽、险的梦幻美景。 玉龙滩是奇石的长廊，奇丽怪石的“动物世界”两岸的岩壁被河水錾满有波纹、木纹、年轮纹等美丽图案的浮雕，疑是外星人的杰作；沿河的磐石被河水切割、打磨、镂刻的龙、鱼、禽、兽塑像，活灵活现，朴拙、雅致，充满原始的情趣和神话色彩，每一个石头都有一个传奇的故事，展示着大自然的奥秘和宇宙的玄机。这里的金银滩又是一绝。金滩是绵厚、细软、平坦、洁净的金黄色沙滩，是游泳和沙滩浴的绝好去处。银滩与金滩相连，却是由一色洁白晶莹的卵石组成，两者相映成趣却泾渭分明。漂流 玉龙滩漂流是跨省的四季漂流。18公里的漂流全程汇集山溪流泉和飞瀑深涧的玉龙滩流水清澈见底、鲜活清新，加之玉龙滩滩多、流急，驾着橡皮舟在波峰浪谷间腾跃驰骋，既精彩浪漫，又有惊无险，是亚热带沟谷原始雨林漂流的最佳河流；漂程中还将从旖旎的田园风光里穿过，盘旋流转的梯田、山歌缭绕的油茶林、柑橘飘香的果园，以及两省边界浓郁的侗族、壮族风情，如同给劈关斩隘征服惊涛骇浪豪放，增添一段婉约的民俗风情小调。,,150元/人,水域风光,3.7,4,6,100,160
122,岩石峡漂流,广西壮族自治区桂林市龙胜各族自治县??,8：00-16：00,25.905978,110.219666,1,13,国家4A级景区、自治区级旅游度假区。位于广西桂林市龙胜县城东部温泉旅游度假区内。321国道桂林至龙胜段转X144县道龙胜至资源线可达，距离桂林市区110千米，是集漂流、休闲、度假、探险于一体的综合旅游娱乐项目。漂流河段由温泉河口至白面瑶寨之间，全程7公里，滩多湾急、落差有致，总落差78米，共有4大险滩18急滩。峡谷两岸群峰嵯峨，树木葱笼竞秀，悬崖峭壁夹峙，河床幽深狭窄，是乘橡皮舟漂流的理想河段。穿过如雷的惊涛骇浪，漂越幽深、烟笼雾锁的峡谷，历经憾魂动魄的跌宕腾挪，漂流者就能体会到漂流者征服大自然的豪气。漂流时间在1小时左右，途经龙胜温泉国家森林公园，可欣赏“百米天桥”、悬壁栈道、群猴争宠等夹岸原始森林的风光，还可上岸小憩领略大唐湾民俗风情，下河体验游泳摸鱼之欢娱。漂流全程有惊无险，乐趣无穷。,,80元/人,水域风光,,,4,90,120
123,越城岭,越城岭山脉位于广西北部，跨越桂林市的全州、资源、兴安、龙胜、灵川、临桂六县,全天,26.221759,110.893733,1,10,"位于中国广西壮族自治区东北部和湖南省边境。南岭之一。古称始安岭、临源岭、全义岭。东北-西南走向。长200千米。为花岗岩断块山。主峰猫儿山，海拔2142 米，位于广西资源县东北。与都庞岭间有湘桂谷地，湘桂铁路经此。五岭之一,""在今广西兴安县之北，为由湘入桂的交通要道，这里还有兴安县严关和秦城遗址。五岭的位置都在南岭山脉一线之上，南岭山脉起自云南云岭，东入贵州为苗岭，再东经两广和湖南、江西、福建等省边界而东达于海，其间大小山岭不计其数，史书单举大庾、骑田,都庞、萌渚、越城五岭，这与秦军的进军路线有关①。”《史记・张耳陈馀列传》：“北有 长城 之役，南有五岭之戍。”晋 陆机《赠顾交n公真》诗：“伐鼓五岭表，扬旌万里外”。“伐鼓五岭表”，李善 注。通往岭南的五条路。",,免费开放,地文景观,,,1,60,0
124,五里峡景区,广西壮族自治区桂林兴安县五里峡水库,全天,25.588386,110.77586,1,14,五里峡景区即五里峡水库景区，位于县城东约10公里处，水库水面8000亩，蓄水1亿立方。方圆数平方公里内，但见碧水、绿树、蓝天、白云、飞鸟、游鱼，就似一幅美丽的南国画图。身临其境，无论泛舟、漫步、垂钓，均可享受一份远离尘嚣的闲适和放松身心的惬意。,,免费开放,水域风光,,,2,70,35
125,乳洞岩,广西-桂林兴安县城南六公里外的龙蟠山下,全天,25.577319,110.631585,1,14,乳洞岩在兴安县城南7公里的灵渠南岸，座落在风光秀丽的蟠龙山上。岩前的玉溪泉水迂曲蜿蜒地流进灵渠， 这里山青水秀洞奇，是有名的游览胜地。唐宋以来，乳洞岩就成了文人名士的聚会吟唱之所，素有“胜绝南州”，“湘南第一洞”之称。它由上、中、下三洞组成，上洞为“飞霞洞”，中洞为“驻云洞”，下洞为“喷雷洞”。宋代尚书左丞相李邦彦为三洞题名；崖壁上刻下了许多历代文人的诗词歌赋，纪游题名。游岩观“五景”，倍觉乳洞奇。乳洞岩在兴安县城东南七公里灵渠南岸。洞分上、中、下三层，俨然似洞中楼阁，景色甚为奇绝。下洞名喷雷洞。洞口高广，入洞为一20多米宽，60多米深，高约10余米的大厅。洞西壁涌出一股暗流，落地成潭，溢出为溪，名为“玉溪”玉溪将大厅切分为二，溪上架有石桥相通。溪南钟乳构成一座平台，称为龙母台，由台直入，可看到由石乳凝成的层层“梯田”，阡陌纵横，田塍相连，维妙维肖。这就是有名的“龙田”。只见泉水漫“田”而下。团底乳珠累累，晶莹圆润，旭日映射，珠光水影，蔚为奇观。这就是乳洞第一景：“龙田吐珠”。每到夏季，雨水充足，泉水破壁而出，喷落潭中。声振如雷，“乳洞喷雷”，是为乳洞第二景。出下洞缘山上行20米左右即到中洞。中洞洞门较小，但洞内也很宽广。洞内很干爽，山下湿气常凝聚洞口，似霏烟漂渺，游人幌如置身童话世界，因而此洞名为“驻云”洞。 “乳洞驻云”，是为乳洞第三景。 由中洞再上行60余米，即到上洞。由洞口下行20米左右即到洞底。进入前厅，首先映入眼底的是两口石乳凝成的大钟，直径约四米，高达五米，两钟大小相同，石色乳白，晶莹可爱。这就是乳洞第四景：“景阳双钟”。由前厅前行，转过一座巨大的天然屏风，即进入后厅。至此，人们犹如进入一座辉煌壮丽的宫殿。这里钟乳奇秀，千奇百怪，闪闪发光，瑰丽多姿。每块乳石，均似披上了采色纱巾，因而此洞名为飞霞。“乳洞飞霞”，是为第五景。,,免费开放,地文景观,4,1,10,75,0
126,秦城遗址,"桂林地区兴安县境内,北距桂林约40余公里",全天,25.57264,110.47883,1,14,"秦城遗址位于桂林地区兴安县境内,北距桂林约40余公里,是秦始皇统一岭南的屯兵遗址。秦城遗址分""大营""和""小营""。大营北起马家渡,南至灵渠口,东濒灵渠,西临溶江,纵约6公里,横约2公里，总面积约12平方公里。其间尚存马家渡、七里圩、太和堡等城垣遗址。七里圩南有一处称为""王城""的长方形土城,被视为秦兵营地指挥部,东西横距300米,南北纵距200米,城墙高2～4米,厚约6米。内城之外有外城,外城埂高、厚均约1米,尚有马厩。整个遗址,地势平坦,两边高山绵亘,四面江流环绕,地理位置十分险要，进可以攻,退可以守,是宿营屯兵的最佳选择。",,免费开放,文物古迹,4.6,,9,45,0
127,世纪冰川大溶洞,广西壮族自治区桂林兴安县322国道附近,8：00-17：00,25.623527,110.619658,1,14,兴安县新开发的“世纪冰川大溶洞”景区，以景奇、美、精而盛名，目前已成为大桂林旅游圈一个旅游新亮点。时下，慕名而来的国内外游客络绎不绝，对该洞的独特景观赞叹不已，称其是“天下第一水洞”。这里的洞壁上方，有不少钟乳石从顶部断裂，大块大块掉落在地面，一些钟乳石上还可见到已断裂但还没跌落地面的裂缝。有关专家说，这些钟乳石存在裂缝和掉落地面的现象，当是远古一次地震事件所引起。洞里一些地方里的钟乳石非常奇特，其上半部呈棕黄色，其下半部则呈乳白色，在他们中间有一条深褐色的近2厘米厚的界线。经有关地质专家初步分析，这条特殊的界线，当是反映第四纪冰川冰期变化的“遗迹”。有关专家说，第四冰纪前，地球气候温暖潮湿，雨水充沛，洞壁不断有雨水下滴，洞内的钟乳石和石笋便逐渐发育。但到距今300多万年前，因受太阳辐射和地球自转的影响，地球出现了干燥寒冷的第四纪冰川。于是，洞内钟乳石的发育基本停止。到了距今180多万年的第四纪冰川末期，地球气候又逐渐变得温暖潮湿，洞壁又有了不间断下滴的水，于是钟乳石又开始发育。于是，前后发育的钟乳石中旬，便有了一条经渭分明的界线。有关地质专家说，这些反映冰期变化遗迹和裂痕的存在，客观记录了该地区的地质历史、地质事件，可以说是一个小型“地质公园”，在桂林岩溶地貌中具有一定的典型性，具有较高的科研价值和观光价值。“世纪冰川大溶洞”景区规划集洞穴科学考察、地下河探险、温泉疗养、民俗风景欣赏、农家乐旅游、森林野外宿营等于一体，占地面积300亩。景区旅游资源丰富，环境优美，交通便利，与乐满地、古灵渠、水街、红军长征突破湘江烈士纪念碑园、古严关、秦城遗址等同在一条旅游线上。景区地处兴安县严关镇梳子铺，离桂黄一级公路仅50米，北距兴安县城4公里，南距桂林市50公里。“世纪冰川大溶洞”在桂林目前已开发的溶洞中，立意独出心裁，已成为桂林山水中的一颗耀眼明珠。洞中奇特的景观有冰川世界、冰山雪莲、西施闺房、美女梳妆、九天银河、高山流水、千年银杏、弥勒显灵、海底龙宫、生命之源、明珠呈祥等30多个，游览时间为一个小时左右。洞中的“弥勒显灵”、“ 明珠呈祥”、“生命之源”奇景，为该洞镇洞之宝，让游人叹为观止。该洞分水陆两条游览路线，洞内空气流通，游程约1.5公里。陆路钟乳石纷繁，景点密集，一步一景，流光溢彩。天然水路九曲回肠，梦幻神奇，波光映照，光怪陆离。特别是游人划船进行地下河“冰川世界”探险游时，更有别于其他洞穴的水路游览。许多从事旅游的行家都说，这条地下河是鬼斧神工的世界奇观！,,80元/人,地文景观,4.5,,10,60,50
128,超然派生态旅游胜地,广西壮族自治区桂林市兴安县升高线,8:00―17:00,25.862085,110.494412,1,14,桂林超然派度假山庄由新加坡金脉私人有限公司投资兴建，占地达450亩，距市区仅80公里。它座落于闻名遐尔的旅游胜地桂林市北部，雄踞“五岭绝首、华南之巅”的华南第一峰――国家级自然保护区猫儿山脚下，风景怡人，气候独特。猫儿山山势雄伟，云海、梯田、流泉飞瀑尽显风光之美；十里竹海，非常壮观。陆定一同志曾写名篇《老山界》，赞誉猫儿山老山界有“泰山之雄、华山之险、庐山之幽、峨眉之秀 ”。这里是漓江源头，水清澈见底，甘甜可口。其气候颇具特色，“一山有四季，十里不同天”，是国家二级保护动物娃娃鱼生长的地方。桂林超然派度假山庄拥有原始风貌的超然派十里大峡谷；惊险刺激的户外运动项目如匹特博野战、真人CS镭战、越野摩托车、攀岩和漂流；精心设计的地中海式的客房、餐厅、会议室和娱乐室等配套设施，是休闲旅游、健身康复、商务洽谈、公务会议、户外拓展、教育培训的最佳选择。,,25元/人,现代设施,4.5,,8,180,45
129,老山界,广西壮族自治区桂林市资源县西南21公里,8:00―17:00,25.946635,110.516859,1,11,"位于资源、兴安两县交界处, 山势挺拔, 地势陡峭, 气候植被成垂直分布, 每拔400―1200米为常绿阔虽林和针叶林, 1200-1600米是落叶和常绿阔叶混交林, 1800米以上为针虽和阔叶混交林。第四纪时未受到冰川的侵袭, 可称得上是我国古老孓遗植物王国, 至今保持着原生植被类型, 如银杉、铁杉、冷杉等, 还有种属众多的珍稀野生动物, 奇峰怪石和随处可见的溪水。这里也是当年红军长征时翻过的第一座高山, 陆定一就曾撰写《老山界》一文, 后又赞老山界有“泰山之雄、华山之险、庐山之幽、峨嵋之秀”。",,免费开放,文物古迹,4.5,,10,75,0
130,红军长征突破湘江烈士纪念碑园,广西壮族自治区桂林市兴安县东北12062公里,8:00―17:00,25.612203,110.664077,1,14,走进气势雄伟的烈士碑园，看着具有极高艺术感染力的大型雕塑，您会看到湘江战役中那场血与火、生与死、存与亡的一幅幅历史画面。头像间有“红军、送别、长征、渡江、永生”五组浮雕，生动地再现了突破湘江战役中惊天地、泣鬼神的悲惨情景。整个纪念碑布局新颖，创意独特。小型园林与大型雕塑合理配置，集瞻仰性与游览性于一体，其中群雕在规模上为全国烈士雕塑之最，具有撼人心魄的强大感染力。,,免费开放,文物古迹,4.5,,1,60,0
131,秦家大院,广西壮族自治区桂林市兴安县400乡道???东北 12073 公里,全天,25.442078,110.738139,1,14,在明洪武年间，山东一位被贬的秦姓官员千里跋涉来到桂北地区，据村民说，他们是唐代名将秦琼的后人。后来秦氏的一支看中了水源头村自周的山形地势，于是选取了这个“风水宝地”落下根基。经过多年繁衍，渐成规模。在后笼山下，依山势拾级而建成了成片的大宅子，当地人称其为“秦家大院”。这些宅子基本为三进三开，房屋分为四组，组与组间隔两米，形成狭长的巷道，均以青石板铺筑。宅子的高堂、戏院、花厅都敞开大门，两旁房子的大门朝里开，很有意思。宅子的墙壁都以几吨重的青石方墩为基，砌上1米多后，改用青砖砌至屋顶，很独特。高大敞亮的上层楼房，窗户上镶嵌的窗花是琉璃瓦烧制而成，上面还画着花卉，温婉中透着古色古香。房中的板壁上刻着各种花纹的图案，庭柱下的石礅上凿有龙凤的花饰，精细美观。,,免费开放,民俗风情,3,2,5,25,0
132,秦城水街,广西壮族自治区桂林市兴安县???东北 214 米,全天,25.61373,110.67266,1,14,吊脚楼紧傍灵渠，义福隆、裕庆隆、罗家酒坊、湖南会馆等老字号、古建筑再现灵渠岸畔。茶楼酒肆、笙歌弹唱，悦耳的丝竹声，从水街铺面的竹帘后飘出来，泛舟灵渠，可蓬船沽酒，颇有“桨声灯影里的秦淮河”的意境。而位于灵渠水街两岸的民居，鳞次栉比，均为青瓦白墙，木雕花门窗，具有典型的“小桥流水人家”之岭南风韵。传秦汉神韵的丹青水街，与一品居、三槐第、九井坊三条古街集中展示秦汉文化的秦文流觞相映成趣。水街两边的店铺，门前高悬的竹编灯笼，渠边楼庭怪石，耳畔响起的灵渠古乐，还有悠闲散步的兴安居民，让人感到居住水街的安逸。水街的水很清澈，沿街不时能看到小女孩赤脚戏水画面，不少年轻的少妇还提篮到水街洗衣。进入水街，品味江南水乡风情，将产生比周庄乌镇更具历史文化氛围、更加清丽飘逸的感觉，在如诗如画的如痴如醉中穿过粟家桥，去追寻带来岭南文化与中原文融合的灵渠古韵，让人赞叹世界水利史上的奇迹。,,免费开放,文物古迹,4.6,3,4,60,0
134,乐满地度假村,广西壮族自治区桂林市兴安县志玲路,3-6月 9：00-17：30 　　7-8月 8：30-18：00 　　9-10月 9：00-17：30 　　1、2、11、12月 9：0,25.59302,110.685531,1,14,乐满地森林度假村强调的是一种休闲环境，一种独特的旅游经历，它按功能划分为小木屋区、露营平台区两个区域。小木屋区，依山势而建木屋30栋，分为情侣浪漫套房和双人标间二种。木屋依据欧式、日式两种不同的建筑风格，选用全天然优质木材搭建，屋内装饰一应俱全，为客人提供全方位服务。屋外四季景致幽雅迷人，使游人心境恬淡惬意。露营平台区设有160座露营平台，5座大营火场，是烧烤及焰火活动的极佳场所，并配有帐篷、睡袋等整套野营装备。在森林度假村，听林涛如歌，沐明月清风，步浪漫情道，也许神仙也会嫉妒。,,110元/人,现代设施,4.4,,6,480,120
135,灵渠,位于广西壮族自治区兴安县境内,8：30－17：30,25.605386,110.691019,1,14,兴安灵渠，与都江堰齐名的秦代水利工程，同时也是世界上最古老的人工运河之一。灵渠的伟大之处在于它沟通了漓江和湘江，使长江与珠江得以通航。自秦代至民国两千余年来，成了岭南和中原唯一交通孔道。    灵渠全长34公里，分为南渠和北渠，其中南渠全长 33．15公里，分四段，大部分为喀斯特地貌，利用的是天然河道，人工只开挖了5公里；北渠的长度虽然只有4公里，但它却是连通湘江和漓江的航道。如今灵渠景区有俗称分水台，可谓是中流砥柱的铧嘴；用来拦蓄和提高水位，以便将水通过渠道引向漓江的灵渠的枢纽工程－大小天平；三将军墓、秦堤、飞来石、四贤祠等景致。整个景区古朴典雅，能充分体会“行尽灵渠路，兴安别有天”的意境。秦堤    在兴安灵渠的南渠与湘江故道之间，筑于秦朝，用以防止南渠渠水泄入湘江故道，保护南渠不受洪水冲击。堤自分水塘至大湾陡，全长3150米。堤下1米多处开了“渠眼”，丰水期可排洪，枯水季节则溢出细流以灌溉农田。堤上古木成荫，构成七里长堤风景道。飞来石    在秦堤之上，石高4米，周长20米，近正方形。石的上方，平坦如台，有级可登。平台上有两株桂花树裂石而出，亭亭玉立。飞来石石质成分与周边岩石相差巨大，独耸于湘江故道与南渠的二水之间，让人不得不对它的来历产生无限遐思。宋以来，历代诗文题刻凡11件，有“砥柱石”、“虬如”、“夜月潭辉”、《重修灵渠记》等。飞来石实为灵渠一大奇赏。陡门    陡门是建筑在灵渠的南北渠中的一种通航设施。它的作用类似于现代的船闸，只是比现代船闸建造简陋，但操作则相当简便灵活。灵渠的陡门是最古老的船闸，是世界上最早的通航设施。也可谓是世界古代水利建筑的明珠、世界船闸之父。,,票价：50元/人，租船游览的费用：40元/人。,文物古迹,4.3,204,11,120,55
136,乐满地休闲世界,桂林市兴安县志玲路,3月~6月：09:00~17:30  7月~8月：08:30~18:00  9月~10月：09:00~17:30  11月~2月：09:00~17:00,25.596902,110.682404,1,14,乐满地休闲世界位于兴安碧波旖旎的灵湖西岸的乐满地森林度假村，由台商马志玲先生投资兴建，是国内风格独具的休闲型度假别墅区，也被称为中国的“迪斯尼”。整个度假村按照其功能划分为三个区：木屋区、露营平台区和森林游乐区。桂林乐满地度假世界位于广西桂林市兴安县，桂林以山水甲天下闻名于世，兴安县以其丰富的旅游资源获得“全国十大魅力名镇”，兴安和阳朔作为大桂林的两颗旅游明珠，分别位于桂林南北两端，素有“一根扁担两个箩，南有阳朔北兴安”之称。桂林乐满地度假世界占地6000余亩，是国家首批5-旅游景区，中国自驾车旅游品牌十大景区，是广西目前最大的旅游台商投资项目，整个项目计划投资总额为31亿元人民币，由全球第一大华人证券商――马志玲先生投资建造。目前已完成的全国十佳主题乐园、五星级度假酒店/丽庄园森林别墅区、全国十佳高尔夫俱乐部构成了集尊贵、自然、浪漫、闲逸、欢乐为一体的度假胜地――桂林乐满地度假世界。 乐满地休闲世界。乐满地度假酒店融合桂林山水之美、广西少数民族艺术及乐满地欢乐文化之五星级度假酒店，国家金叶级绿色旅游饭店，并获得中国建筑最高奖――鲁班奖。被地中海式园林、中式园林包围着，隐谧在山林中的度假酒店，宁静中-着温柔。酒店大堂入口处地面的壮族铜鼓图腾装饰，大堂天顶的桂北少数民族榫木制结构、水院内的侗族钟鼓楼以及房间内的瑶、壮族风情装修风格…处处充满了浓郁的少数民族民俗建筑艺术。同时，风格独特的各种餐厅能提供丰富的精美点心和美食，功能齐全的会议设施能满足商务客人休闲、劳逸结合的需求，更有别具一格的民俗特色商品街和全面体现休闲度假氛围的康乐、养生中心，让客人体验艺术与品位完美结合的度假天堂。依山势高低错落而建的丽庄园森林别墅区，隐晰山林间，所有森林别墅均选用全天然优质木材建造，在这里，还可以充分享受到一种远离尘嚣、怡然自得的度假环境，为崇尚自然及要求自我私密空间的客人提供一种独特的旅游情趣。乐满地主题乐园是一个集时尚、缤纷、浪漫、动感、刺激与欢乐于一体的大型游乐场所。园区辟有欢乐中国城、美国西部区、梦幻世界区、海盗村、南太平洋区、欧洲区、曼陀罗园等特色主题区。各游乐区的建筑、游乐设施、商品、餐饮、音乐等都具有鲜明的主题特色，同时各区均设丰富的表演节目。整个园区可观、可闻、可游、可赏、可疯狂、可闲逸……能够为游客提供完善、多样的游乐选择。 乐满地休闲世界。乐满地高尔夫俱乐部总占地面积1700亩，为美式丘陵国际标准27洞高尔夫球场，A场是以山景为主的丘陵型球道设计，四面环山配以精选的花、草、树、人工湖，为球友提供极佳的挥杆热身。B场以湖景为主的山谷形球道，球道均沿着自然的湖岸设计，拥有丰富的水域障碍，为球友提供一个挑战自我的挥杆场所。C场秉承了球场丘陵风格，巧妙的运用了地形、山景等自然景观，融流水、瀑布、小桥、特色植栽于一体，景致大气天成。这个以十年光阴打造的球场，倚着灵湖的曲线，也傍着远山融为一体，独揽桂林山水盛景，挑战极至尊荣。作为一个高档次、大规模、风格多样、内容丰富的大型综合性旅游度假场所，桂林乐满地度假世界填补了桂林市人文景观和高科技游乐园的空白，为桂林、广西、乃至整个华南地区的旅游市场起到了积极的推动作用，注入了一股新鲜的活力，并成为大桂林旅游圈的新地标。乐满地休闲世界为AAAAA级景点。,,150元/人,现代设施,4.5,,4,480,150
138,梦幻漓江,桂林市七星路95号,20：00―21：10,25.263193,110.330343,1,6,梦幻漓江是由蜚声世界艺坛的中国天创国际演艺制作交流公司并新近推出的一台可与美国拉斯维加斯媲美的超大型山水全景演出。剧目采用芭蕾和杂技完美结合的表演形式，场面宏大，气势磅礴，现代化舞美、灯光、音响立体而玄妙，亚洲绝无仅有。特殊翻扬舞台及立体场景的创新使整台演出交替变幻出多种令人目眩的桂林舞台仙境，舞台表演，高空表演立体穿插结合，让您真正体验一次梦幻般的神秘之旅。,,100元/人,民俗风情,4,,8,90,150
139,兴坪渔村,广西省桂林市阳朔县兴坪码头,,24.921342,110.524915,1,4,整个建筑群占地1.5公顷，有传统民居48座村前漓江环绕，江对岸一带层峦叠嶂，鲤鱼山、金瓦山、元宝山、剑刀山、笔架山风采各异无不动人心弦；村后奇峰罗列，五指山挺拔峻秀，马颈山、天水寨雄奇险峻，每每催人奋进。天水寨建在与五指山相连的马颈山之间，一块面积约 20亩的平地上，东南两侧设有寨门，四周皆悬崖峭壁，仅有一条小路可通，地势十分险要。该寨为清咸丰年间渔村富豪为避战、匪患而建。因寨中有井泉二眼，泉水清澈经冬不涸，可供千人饮用，村人疑此水从天而降，“天水寨”由此得名，此古寨现保存完好。,,5元/人,民俗风情,4.5,,1,240,138
140,靖江王城,位于中国桂林市王城1号,8：00DD17：30,25.286595,110.305433,1,6,"靖江王城与正阳路步行街一街之隔，穿越繁华的闹市，拐进一条浓阴掩映的小巷，高大的青砖城墙裹围之中就是王城了，是明代靖江王府。宋代时这里是铁牛寺，元代改为大国寺，后又称万寿殿。明太祖朱元璋封其重孙朱守谦为靖江王，此处是藩邸。朱守谦在明洪武五年（公元1372年）开始建府，历时20年才完工。它有承运门、承运殿、寝宫，左建宗庙，右筑社坛，亭台阁轩，堂室楼榭，无所不备，红墙黄瓦，云阶玉壁，辉煌壮观。王城周围是3里长的城恒，内外以方形青石修砌，十分坚固。城开东南西北四门，分别命名为""体仁""（东华门）、""端礼""（正阳门）、""遵义""（西华门）、""广智""（后贡门）。坚城深门，气势森严。桂林王城先后经历了14代靖江王，后来被清朝定南王孔有德所占而成为定南王府。农民军李定国攻克桂林后，孔有德纵火自焚，使有250多年的王城化为焦土。现在王城尚完好，还有承运门、承运殿的台基、石栏和云阶玉陛供人游览。",,70元/人预定价60元/人,文物古迹,4,,3,120,130
141,独秀峰,峰区王城1号(近正阳路),8:00-17:00,25.28951,110.305662,1,6,独秀峰位于桂林市漓江之畔，是以山形秀美的独秀峰为代表和整个明代靖江王城为地域范围的旅游景区。景区内自然山水风光与历史人文景观交相辉映，自古以来就有“城中城”的美誉。 独秀峰有“南天一柱”的赞誉，史称桂林第一峰。,,120元/人,地文景观,4,164,10,90,130
142,图腾古道,桂林市阳朔县十里画廊图腾古道景区,8:00-17:30,24.75509,110.499797,1,4,腾古道整个景区具有故事的动态性，视觉的审美性，蕴藏着深刻的文化内容，具有甑皮文化所特有的神圣原始信念。,,108元/人,文物古迹,3.5,410,3,90,108
143,大圩古镇,广西壮族自治区桂林灵川县大圩古镇,,25.188071,110.433874,1,7,大圩古镇始建于公元200年，坐落在漓江东岸，磨盘山以北，距离桂林23公里水程。为广西古代四大圩镇之一。,,免费开放,文物古迹,4.2,69,10,180,0
144,热气球,阳朔,,26.277701,110.74439,1,4,“不识庐山真面目，只缘生在此山中”我想这句诗最能用到我们阳朔本地人身上了，本人在阳朔土生土长了二十几年，第一次让自己感受到阳朔原来如此之美，那就是坐在热气球上鸟瞰阳朔，哇！真犹如人间天堂！终于明白为什么阳朔会是那么多人向往的地方！真是太美了！到了阳朔若未能尽揽阳朔全貌那肯定是一种遗憾！为此，阳朔平步青云热气球航空俱乐部有限责任公司（阳朔唯一一家，全国仅有两家的工商局登记注册的热气球公司）特意推出了搭乘热气球高空观览风光的飞行活动，乘上热气球，周边风光尽呈眼下，你不仅可以领略到“江作清萝带，山如碧玉簪”的美景，更可全揽“碧莲峰里住人家”奇观。,,150元/人,现代设施,,,5,50,150
145,资源八角寨,广西桂林市资源县,全天开放,26.277596,110.706761,1,11,八角寨具有黄山之奇、华山之险，方圆十多公里之地的石峰、石脊、石壁。,,45元/人,地文景观,4.5,,8,240,80
146,十二滩漂流,广西省桂林市临桂县宛田乡大喉,第一批10:00，第二批13：30，第三批：16：00,25.585714,110.083113,1,8,十二滩漂流：景区位于桂林市临桂县宛田乡东北部，桂林至龙胜黄金旅游线上。漂流河段位于桂林市临桂县义江上游，漂流终点距桂林市只有50公里，北至龙胜约30公里，交通十分便利。十二滩漂流是中国专业漂流旅游胜地、 荣获国家3A景区、广西首推大峡谷自助漂荣誉。十二滩河谷两岸是高耸入云的山崖和叠障的梯田，从山脚到山顶分布着苍翠茂密的森林。漂流河道全长9.5公里，总落差近100米。十二滩漂流以一段近2000米十二个急滩相连而得名，其中急滩中最高单个落差达3米，景区内平均海拔为300至500米，气候垂直差异较大，四季分明，雨量充沛，盛夏时气温比桂林市区低3至5摄氏度。在峡谷两岸连绵的山崖间悬挂着许多小瀑布，十分清幽秀美，使人仿佛置身于仙境之中。当地有一句俗语讲“漂过十二滩，吉祥又平安”。,,180元/人,水域风光,4.5,,2,90,128
147,鉴山寺,广西桂林市阳朔县高田镇月亮山风景区, 8：00DD17：00,24.736144,110.494576,1,4,阳朔鉴山寺――千年古刹重现辉煌,,免费开放,文物古迹,2.9,29,9,30,10
148,李宗仁故居,中国广西桂林市临桂县两江镇浪头村,全天,25.1742,110.007793,1,8,李宗仁故居位于临桂县两江镇，坐落在古老而灵秀的临桂两江镇浪头村的天马山脚下，旁边的崇山峻岭，宛如两条巨龙盘旋交汇于此，并以二龙戏珠堪称风水宝地。建于20年代，经多次扩建，现布局有客厅、将军第、学馆、庭院及后院的阁楼、井池、鱼塘和前后对角的炮楼等，由里至外三次扩建。占地7．3亩，建筑面积7亩，为二层砖木结构。外围青砖高墙，东南对角有“炮楼”，内为四个单元建筑和一个后院。第一单元为三进客厅，二、三单元合为“将军第”住宅，四单元为学馆，大门浮雕“青天白日”横额及“山河永固，天地皆春”对联。院内琼台楼阁，古朴典雅，错落有致，青砖高墙，房建全砖木结构，具有民国初年的大式庄园建筑风格，又保留着桂北朴实的民间格调。整个庭园缀有多种珍贵树木。该故居为前国民政府代总统李宗仁的母亲、胞兄李德明和元配夫人李秀文长住，其本人曾数度回归省亲和居住。1988年 11月完成第一期维修工程，并已对外开放。1996年被列为国家重点文物保护单位。,,10元/人,文物古迹,4.3,,6,60,0
149,愚自乐园,中国广西桂林市雁山区大埠乡愚自乐园,9：00～17：00,25.054289,110.343335,1,5,如果说桂林山水是大自然的造化，那么，桂林愚自乐园就是人类雕塑艺术的博览苑。愚自乐园取“愚人建园以自乐”之义，是一座以当代雕塑和洞窟艺术为主的大型地景艺术公园。园内陈列着多年来由世界杰出雕塑家创作的大量作品，其深刻的人文启发、艺术睿智的表现，给周围的自然山水焊接上一道厚重的文化板块。自然艺术与人文精神相得益彰，交相辉映，让每个步人这里的人都感受到艺术的震撼，令人沉思，或令人开怀。以国际雕塑公园为主体，包括雕塑园区、大门广场、历史洞窟、美术馆、工艺村、艺术度假村、心灵潜能开发中心、艺术家工作室、国际交流中心、壁画宫、温室苗圃、世界花廊、人工湖等。,,80元/人,文学艺术,4.5,,11,240,80
150,熊虎山庄,桂林市两江机场路沙塘大圆盘雄森熊虎山庄娱乐城,,25.269007,110.199548,1,4,"全球最大的集虎、熊、狮等珍稀动物观赏、野化、科研和繁殖于一体的多元化野生动物基地。投资3亿多元的桂林雄森熊虎山庄座落在桂林两江国际机场路沙塘大圆盘处。占地面积50多万平米，集世界濒临灭绝仅有的四个虎种。现有东北虎、华南虎、孟加拉虎、白老虎共300多头，黑熊400多头，狮子100多头及豹、蛇、猴、鸟等世界一级保护动物，为世界最大的黑熊、老虎科研、繁殖、野化、观赏、游乐基地，也是中国东北林业大学野生动物资源学院教学科研基地和中国广西珍稀濒危野生动物救护研究中心，猫科动物繁育基地。 自1993年成立至今，通过10多名动物专家8年的努力，共繁殖了东北虎、华南虎、孟加拉虎、白虎190多头，黑熊200多头，非洲狮80多头，成活率达到93%，将在2002年老虎数量达到500头，到2003年老虎达到1000头，为弘扬野生动物文化，山庄投入巨资兴建一座举世无双的梦幻剧场。460平方的大型升降舞台，五彩缤纷的人兽共欢，让你享受到好似在做梦的感觉，不可能的事物，变为现实展现在您的眼前。同时，为了培养老虎的野性，增强老虎的繁殖率以及为老虎放归大自然作准备，而特投的狮虎模拟野化训练，让人们领略大自然老虎的生存模式。特别是隆重推出的大型动物表演百兽齐欢的熊虎盛会，由马术队开路，100多头老虎、黑熊、非洲狮、猴子等动物同场献艺，场面壮观，规模宏大，难得一见，其中黑熊在20多米高、150米长的高空钢丝绳上驾驶摩托车的高难度表演，惊险刺激，令您大开眼界。	",,80元/人,生物景观,4.2,,4,180,80
151,永福温泉,广西省桂林市永福县罗锦镇金钟山旅游度假区,08:30-17:30,24.975671,110.152773,1,9,浙商投资近2亿元人民币精心打造金钟山旅游度假区，地处桂林西南的“中国长寿之乡”永福县罗锦镇。金钟山完美地将永福源远流长的传统福寿文化融入7平方公里的原生态峰林幽谷之中。金钟山旅游度假区拥有：溶洞奇观-永福岩、地质奇观-乾龙天坑、森林养生胜地-永福温泉、高尔夫练习球场、天籁金钟山民俗演艺、金钟山假日酒店、多功能会议厅等多种旅游资源、是一个集自然厅景、养生温泉、度假酒店、会议休闲、拓展训练等多项旅游产品为一体的大型综合性旅游度假区。,,75元/人,生物景观,4.2,19,5,120,69
152,青狮潭水库,灵川县,8：30～17：30,25.265231,110.303783,1,7,桂林青狮潭旅游休闲度假区位于桂林市西北郊区33公里处。度假区总面积170平方公里，其中水面面积28.7平方公里。度假区的主题是青狮潭水库，是广西最大的以防洪、水源地为主要目的地大型水库。整个青狮潭水面库容达6亿立方米，有“华南第一湖”之称，是漓江的主要水源地，1994年被广西区政府批准为首批省级旅游度假区。,,免费开放,水域风光,4.3,,2,60,10
153,永福岩,桂林市永福县罗锦镇金钟山旅游度假区,8:30--17:30,24.976679,110.152494,1,9,永福岩是一个呈立体空间结构、水陆兼备，岩洞内高低错落有致，空气流通，是目前已开发的大桂林溶洞中钟乳石品种最齐全的岩洞。洞中前段由大小不同的石花水潭汇集而成，潭水纯净清澈，形成如梦幻的水境倒影，独特的水下结晶形成的“福”、“寿”文字和硕大的灵芝，在10000平方米形似山水的钟乳石大厅，形态各异、雄伟、巨大、精美的各种钟乳石，玲珑满目尽收眼里，仿佛置身于如梦如幻的童话世界。稍坐停留，听一首优美纯朴的山歌，人与自然的结合，让原本浮动的心得以平静，随后带着愉悦的心情继续前行，一同见证地壳运动走过的足迹，探索比萨斜塔的奥秘，最后与雄伟高大的钟乳石石林景观近距离接触，想像几百年后那些正在生长的钟乳石发生的变化,,38元/人,地文景观,4.2,15,12,60,65
154,海底龙宫,广西省桂林市兴安县漠川乡榜上村,07:00-19:00,25.470691,110.811483,1,14,海底龙宫景区座落在距兴安县城28公里的钓鱼山下，依傍着秀丽的漠川河。洞内石柱、石幔、石花多姿多彩，古生物化石、莲花天梯堪称稀见，神秘的石壁天书蕴藏玄机，送子观音有求必应，求福，求寿，求子，求婚，求财，只要心诚则灵。,,55元/人,地文景观,4.4,,6,90,55
155,神龙谷,桂林市灵川县草坪乡,8：00～18：30,25.090198,110.45852,1,7,神龙谷生态天坛园座落在漓江之滨，雁山区草坪回族乡境内，毗邻冠岩，距市区30公里，由桂林市神龙谷旅游开发有限公司投资兴建，占地一千余亩。园内森林覆盖率达80％，乔、灌、草本植物近千种，空气中负离子含量每立方厘米上万个，景区因连绵起伏的山岭远看酷似一条巨龙而得名。,,50元/人,地文景观,,,2,95,100
156,金水岩,广西壮族自治区桂林市阳朔县高田镇历村,9：00－17：30,24.728483,110.489938,1,4,菩萨水岩现更名为金水岩。,,泥巴浴：128 元/人。 180元，门票包含旱洞区、泥巴浴区、温泉区、地下河水景区特殊人群预订标准： A.免费政策：儿童身高1.2米以下免票 B.优惠政策：身高1.2米―1.4米之间购儿童票50元；学生凭学生证购买票50元。,地文景观,4.1,134,9,120,80
157,海洋银杏林,桂林市灵川县海洋乡境内,,25.311745,110.572726,1,7,大圩镇对面的江心有一小岛，叫毛洲岛，面积不足0．5平方公里，居住着900多位以种植柑橘为生的村民。去年5月，岛上的村民突发异想自发成立了一个旅游公司，利用自己的家园开发绿色农庄生态旅游。没想到一年下来，这个弹丸之地竟引来了包括北京、上海、广州等大都市的游客达几千人，最旺的时候一天登岛人数达1500多人。今年“五一”黄金周，前来观光、住宿的游客达几千人。全村几乎人人都加入了招呼客人的行列。,,免费开放,生物景观,4.3,19,7,100,20
158,毛洲岛,"灵川县毛洲洲一队10号	",,25.186796,110.43298,1,7,大圩镇对面的江心有一小岛，叫毛洲岛，面积不足0．5平方公里，居住着900多位以种植柑橘为生的村民。去年5月，岛上的村民突发异想自发成立了一个旅游公司，利用自己的家园开发绿色农庄生态旅游。没想到一年下来，这个弹丸之地竟引来了包括北京、上海、广州等大都市的游客达几千人，最旺的时候一天登岛人数达1500多人。今年“五一”黄金周，前来观光、住宿的游客达几千人。全村几乎人人都加入了招呼客人的行列。,,免费开放,民俗风情,4.6,2,5,240,0
159,荔江湾,广西省桂林市荔浦县青山镇,8:00―17:00,24.446606,110.339791,1,2,荔江湾景区位于桂林荔浦县青山镇，距阳朔60公里，是去丰鱼岩的必经之路。景区分为六大观光区，有九个观光项目，分布在方圆30平方公里的范围之内，自然景观和人文景观有：永苏里人生活遗址、乘坐皇家之舟看鱼鹰表演、灵芝仙女下凡、中华龙舟竞赛等。,,58元/人,水域风光,4.3,,9,60,60
160,荔浦古榕,修仁镇政府驻地,,24.494568,110.400523,1,2,有并排古榕两株，两株老干横空，枝叶繁茂，四时浓阴蔽日。南株树干周长12.65米，树冠覆面积1647.48平方米，高约50米；北株树干周长13米，树冠覆盖面积1421.63平方米，高约45米。,,免费开放,生物景观,,,10,30,0
161,刘三姐水上公园,广西省桂林市阳朔县城至普益乡留公村一段18公里漓江下游,8:00-18:00,24.772826,110.512058,1,4,刘三姐水上公园”指阳朔县城到普益乡江段的山水风光。素有“钻石水道”之誉。这是漓江下游，全长20公里，游程往返40公里，漓江两岸40平方公里都属于水上公园，实际是阳朔漓江风景线的延伸。行船往返约四个小时。,,160元/人,水域风光,4.5,,4,120,160
162,龙脊峡,广西壮族自治区桂林市龙胜县和平乡,10:00、13:30、16:00(每次漂流约一个半小时),25.727158,110.083422,1,13,"河谷两岸是高耸入云的山崖和叠障的梯田,从山脚到山顶分布 着苍翠茂密的原始森林。两岸植被保护良好,流量、流速相对稳定。除具有原始古朴、幽野的特色外,更富一种灵动、秀丽之美。船行其间忽左忽右,或前或后,穿峡谷、渡险滩、越激流、转旋涡、冲浪尖,游客可切身感受澎湃激昂的心灵震撼；抑或在群山怀抱的湖上亲水乐园中畅快戏水玩耍",,136元/人,水域风光,4.5,,7,150,138
163,彭祖坪,桂林龙胜各族自治县东北部的马堤乡境内,,25.969532,110.173561,1,13,彭祖坪自然保护区位于桂林龙胜各族自治县东北部的马堤乡境内，距县城45公里，与资源县、兴安县和湖南省城步县接壤，总面积约5万亩。最高山脉大白山海拔1700米，林区内地貌复杂，山峦起伏，沟壑纵横，还有丰富的自然植被，集险峻与秀美为一体，被当地人称为“小黄山”、“小小兴安岭”。在彭祖坪保护区内，有彭祖系列景观，如：彭祖老人山、彭祖佛光、彭祖岩屋、彭祖采药、彭祖当关；有桫椤、红豆杉、长苞铁杉、五针松、福建柏、猴头杜鹃、变色杜鹃等系列珍稀植物；还有系列形态各异的瀑布，其中山丝瀑布高达100余米。另外，神象山、高山牧场、猴子湾等诸多景区和许多的珍稀动物，使彭祖坪成了动物的天堂、植物的乐园。,,免费开放,生物景观,,,6,60,0
164,大唐湾,广西省桂林市龙胜县泗水乡大唐湾山寨,08:30-19:00,25.690874,110.066577,1,13,龙胜各族自治县大唐湾少数民族民俗文化发展中心，又称“龙胜各族自治县大唐湾民族山寨”。距桂林市一百零八公里、龙胜县城30公里、温泉景区一公里，是龙胜各族自治县唯一汇集了各少数民族的民俗风情，民俗风物以及饮食文化于一体的综合性游览场所，也是龙胜少数民族的一个缩影。,88,60元/人,饮食与购物,4.7,,4,60,45
165,湘江战役,广西省桂林市兴安县狮子山,,25.611033,110.661927,1,14,湘江烈士纪念碑园座落于兴安县城西南1公里的狮子山，占地8万平方米，由大型群雕、主碑、纪念馆组成。,,12元/人,文物古迹,,,1,56,131
